year_be,year_ce,province,income_monthly_baht,expense_monthly_baht,pct_households_with_debt,debt_average_baht,expense_income_pct
2558,2015,กระบี่,31011.0,28403.0,70.3,373325.0,91.59008093902163
2558,2015,กรุงเทพมหานคร,45572.0,33086.0,33.0,164706.0,72.60159747213201
2558,2015,กาญจนบุรี,18884.0,15765.0,41.5,89862.0,83.4833721669138
2558,2015,กาฬสินธุ์,15452.0,12747.0,69.7,131577.0,82.49417551126068
2558,2015,กำแพงเพชร,20140.0,17371.0,67.5,204669.0,86.25124131082423
2558,2015,ขอนแก่น,21337.0,16880.0,56.0,62493.0,79.11140272765618
2558,2015,จันทบุรี,36024.0,23351.0,51.1,130258.0,64.82067510548524
2558,2015,ฉะเชิงเทรา,27555.0,21783.0,33.6,75443.0,79.0528034839412
2558,2015,ชลบุรี,27257.0,24182.0,34.0,149192.0,88.7184943317313
2558,2015,ชัยนาท,22059.0,17163.0,59.3,273336.0,77.80497756017952
2558,2015,ชัยภูมิ,23829.0,16332.0,64.4,155902.0,68.5383356414453
2558,2015,ชุมพร,29306.0,24542.0,53.9,199746.0,83.74394321981846
2558,2015,ตรัง,23309.0,19795.0,50.0,131873.0,84.92427817581192
2558,2015,ตราด,25333.0,18989.0,38.2,147114.0,74.95756523112146
2558,2015,ตาก,20079.0,15176.0,40.1,145791.0,75.58145325962448
2558,2015,นครนายก,23555.0,18154.0,48.4,144657.0,77.07068562937806
2558,2015,นครปฐม,40347.0,26025.0,38.7,153504.0,64.50293702133987
2558,2015,นครพนม,15804.0,13973.0,48.5,102816.0,88.41432548721842
2558,2015,นครราชสีมา,26376.0,18645.0,65.4,245760.0,70.68926296633303
2558,2015,นครศรีธรรมราช,25124.0,19829.0,55.0,164476.0,78.92453430982329
2558,2015,นครสวรรค์,21952.0,17128.0,59.8,188941.0,78.02478134110787
2558,2015,นนทบุรี,36884.0,31382.0,37.9,277606.0,85.08296280229911
2558,2015,นราธิวาส,19890.0,13718.0,12.8,40567.0,68.9693313222725
2558,2015,น่าน,17886.0,14165.0,66.2,162325.0,79.1960192329196
2558,2015,บึงกาฬ,23767.0,23697.0,78.3,257989.0,99.70547397652206
2558,2015,บุรีรัมย์,18480.0,16087.0,60.9,159766.0,87.0508658008658
2558,2015,ปทุมธานี,41057.0,29770.0,67.4,221748.0,72.50895097060184
2558,2015,ประจวบคีรีขันธ์,23523.0,21268.0,42.9,168374.0,90.41363771627769
2558,2015,ปราจีนบุรี,24166.0,20995.0,48.3,161433.0,86.87825871058511
2558,2015,ปัตตานี,17513.0,15341.0,56.1,141540.0,87.59778450294067
2558,2015,พระนครศรีอยุธยา,28379.0,22218.0,47.8,216816.0,78.29028506994608
2558,2015,พะเยา,17673.0,13783.0,50.5,148001.0,77.98902280314604
2558,2015,พังงา,28842.0,20717.0,46.4,164167.0,71.82927674918521
2558,2015,พัทลุง,21478.0,17143.0,54.9,206986.0,79.81655647639445
2558,2015,พิจิตร,22100.0,16854.0,60.0,148751.0,76.26244343891403
2558,2015,พิษณุโลก,19235.0,17650.0,63.3,263135.0,91.75981284117493
2558,2015,ภูเก็ต,31500.0,27435.0,36.2,135376.0,87.09523809523809
2558,2015,มหาสารคาม,18540.0,14654.0,65.9,128258.0,79.03991370010787
2558,2015,มุกดาหาร,22870.0,17768.0,58.4,184067.0,77.69129864451246
2558,2015,ยะลา,15584.0,13454.0,18.8,22272.0,86.33213552361396
2558,2015,ยโสธร,19518.0,14453.0,68.0,123720.0,74.0495952454145
2558,2015,ระนอง,22035.0,18617.0,35.3,106994.0,84.48831404583616
2558,2015,ระยอง,30315.0,24434.0,29.8,145527.0,80.60036285667161
2558,2015,ราชบุรี,19590.0,15084.0,35.9,104894.0,76.99846860643186
2558,2015,ร้อยเอ็ด,19990.0,17756.0,43.6,149907.0,88.82441220610305
2558,2015,ลพบุรี,22955.0,17969.0,58.1,92474.0,78.27924199520801
2558,2015,ลำปาง,20466.0,15315.0,51.6,119216.0,74.8314277338024
2558,2015,ลำพูน,23834.0,20550.0,69.1,231587.0,86.22136443735839
2558,2015,ศรีสะเกษ,18792.0,18124.0,71.1,135277.0,96.44529587058322
2558,2015,สกลนคร,19281.0,14550.0,61.7,164190.0,75.46289092889373
2558,2015,สงขลา,27660.0,23617.0,40.1,172272.0,85.38322487346348
2558,2015,สตูล,23208.0,19591.0,46.8,145458.0,84.41485694588073
2558,2015,สมุทรปราการ,25457.0,22332.0,26.8,87647.0,87.72439800447815
2558,2015,สมุทรสงคราม,18310.0,18801.0,2.9,8090.0,102.6815947569634
2558,2015,สมุทรสาคร,29347.0,22877.0,27.5,128830.0,77.95345350461716
2558,2015,สระบุรี,29413.0,23017.0,54.9,197695.0,78.25451331044097
2558,2015,สระแก้ว,26953.0,20577.0,72.0,249127.0,76.34400623307238
2558,2015,สิงห์บุรี,26112.0,22137.0,58.7,168239.0,84.77711397058823
2558,2015,สุพรรณบุรี,15786.0,14146.0,41.9,50553.0,89.61104776384138
2558,2015,สุราษฎร์ธานี,36466.0,26165.0,61.7,219065.0,71.75176877090989
2558,2015,สุรินทร์,20315.0,18537.0,77.3,246348.0,91.24784641890228
2558,2015,สุโขทัย,22251.0,17246.0,68.7,218302.0,77.50662891555436
2558,2015,หนองคาย,21206.0,19278.0,47.6,107736.0,90.90823351881542
2558,2015,หนองบัวลำภู,22552.0,18761.0,77.4,140079.0,83.18996097907059
2558,2015,อำนาจเจริญ,21173.0,17029.0,78.8,173276.0,80.42790346195626
2558,2015,อุดรธานี,22817.0,22535.0,67.9,197757.0,98.76407941447167
2558,2015,อุตรดิตถ์,19239.0,15815.0,53.9,149576.0,82.20281719424086
2558,2015,อุทัยธานี,20114.0,16403.0,68.2,194462.0,81.55016406483047
2558,2015,อุบลราชธานี,20452.0,13848.0,68.2,136208.0,67.7097594367299
2558,2015,อ่างทอง,23350.0,17574.0,59.8,132829.0,75.26338329764454
2558,2015,เชียงราย,13497.0,12075.0,38.9,73166.0,89.4643254056457
2558,2015,เชียงใหม่,14950.0,11864.0,24.6,31196.0,79.35785953177258
2558,2015,เพชรบุรี,26431.0,22154.0,58.1,170522.0,83.81824372895463
2558,2015,เพชรบูรณ์,21336.0,16141.0,64.2,148667.0,75.65148106486689
2558,2015,เลย,20990.0,16232.0,66.0,169523.0,77.3320628870891
2558,2015,แพร่,21795.0,16449.0,60.9,180460.0,75.47143840330351
2558,2015,แม่ฮ่องสอน,15119.0,12131.0,46.2,123172.0,80.23678814736425
2560,2017,กระบี่,34053.0,24925.0,64.0,289237.0,73.1947258684991
2560,2017,กรุงเทพมหานคร,45707.0,35351.0,35.9,202700.0,77.34263898308794
2560,2017,กาญจนบุรี,20565.0,18001.0,53.5,157164.0,87.5322149282762
2560,2017,กาฬสินธุ์,14264.0,11541.0,67.1,134002.0,80.90998317442512
2560,2017,กำแพงเพชร,18771.0,16384.0,67.0,210410.0,87.28357572851739
2560,2017,ขอนแก่น,19848.0,16544.0,56.5,90787.0,83.35348649738009
2560,2017,จันทบุรี,32894.0,20620.0,54.5,186072.0,62.686204170973426
2560,2017,ฉะเชิงเทรา,26062.0,21437.0,29.4,80062.0,82.25385618908756
2560,2017,ชลบุรี,27665.0,24573.0,35.0,170023.0,88.82342309777698
2560,2017,ชัยนาท,26386.0,16162.0,64.3,286888.0,61.25217918593193
2560,2017,ชัยภูมิ,25543.0,17238.0,66.9,194195.0,67.48619974161218
2560,2017,ชุมพร,28759.0,24144.0,46.9,157728.0,83.95284954275184
2560,2017,ตรัง,21814.0,18768.0,52.8,177207.0,86.03649032731273
2560,2017,ตราด,27797.0,20405.0,54.7,193675.0,73.40720221606648
2560,2017,ตาก,16509.0,13113.0,43.8,127988.0,79.42940214428494
2560,2017,นครนายก,25120.0,18601.0,50.6,112920.0,74.04856687898089
2560,2017,นครปฐม,32761.0,20712.0,36.1,75904.0,63.22151338481732
2560,2017,นครพนม,15834.0,13325.0,52.6,192868.0,84.15435139573071
2560,2017,นครราชสีมา,24429.0,17841.0,67.1,223239.0,73.03205206926194
2560,2017,นครศรีธรรมราช,26239.0,20051.0,53.1,152743.0,76.41678417622623
2560,2017,นครสวรรค์,21003.0,16045.0,59.9,211666.0,76.39384849783364
2560,2017,นนทบุรี,40861.0,33313.0,48.6,288940.0,81.52761802207485
2560,2017,นราธิวาส,17180.0,14980.0,28.2,60283.0,87.19441210710129
2560,2017,น่าน,19591.0,14299.0,62.7,201992.0,72.98759634526057
2560,2017,บึงกาฬ,22668.0,19662.0,76.9,212781.0,86.73901535203812
2560,2017,บุรีรัมย์,15382.0,12687.0,55.7,131638.0,82.47952151865817
2560,2017,ปทุมธานี,41484.0,33604.0,47.8,294901.0,81.00472471314242
2560,2017,ประจวบคีรีขันธ์,28467.0,21318.0,46.2,160757.0,74.88671092844345
2560,2017,ปราจีนบุรี,22953.0,19268.0,40.7,135499.0,83.94545375332201
2560,2017,ปัตตานี,19495.0,16949.0,61.7,137592.0,86.94024108745833
2560,2017,พระนครศรีอยุธยา,28778.0,23780.0,44.9,234446.0,82.63256654388769
2560,2017,พะเยา,14594.0,12293.0,58.4,150059.0,84.23324653967383
2560,2017,พังงา,24632.0,19958.0,39.7,131646.0,81.02468333874636
2560,2017,พัทลุง,20509.0,16808.0,54.7,183718.0,81.95426398166659
2560,2017,พิจิตร,19412.0,15869.0,57.7,176992.0,81.74840304966
2560,2017,พิษณุโลก,20348.0,19338.0,59.1,273212.0,95.03636721053667
2560,2017,ภูเก็ต,39594.0,32853.0,43.9,239552.0,82.97469313532353
2560,2017,มหาสารคาม,20138.0,17665.0,70.1,248623.0,87.71973383652795
2560,2017,มุกดาหาร,20440.0,18369.0,59.7,171992.0,89.86790606653621
2560,2017,ยะลา,18018.0,15484.0,26.6,28438.0,85.93628593628594
2560,2017,ยโสธร,16752.0,13555.0,71.1,121377.0,80.91571155682904
2560,2017,ระนอง,23832.0,18497.0,30.7,156195.0,77.61413225914737
2560,2017,ระยอง,27798.0,22699.0,31.0,124478.0,81.65695373767898
2560,2017,ราชบุรี,33622.0,25367.0,56.0,255930.0,75.44762357979894
2560,2017,ร้อยเอ็ด,19027.0,16770.0,50.1,182396.0,88.13790928680297
2560,2017,ลพบุรี,19796.0,16012.0,50.0,69611.0,80.88502727823803
2560,2017,ลำปาง,21034.0,16642.0,57.9,197836.0,79.11952077588667
2560,2017,ลำพูน,24468.0,20056.0,70.8,228039.0,81.96828510707863
2560,2017,ศรีสะเกษ,17485.0,15838.0,77.0,189528.0,90.58049756934516
2560,2017,สกลนคร,17820.0,15159.0,70.9,197078.0,85.06734006734007
2560,2017,สงขลา,26703.0,23693.0,44.2,174405.0,88.72785829307568
2560,2017,สตูล,22614.0,18811.0,48.2,166361.0,83.1829839922172
2560,2017,สมุทรปราการ,28712.0,24355.0,38.5,179804.0,84.82516021175816
2560,2017,สมุทรสงคราม,30183.0,20864.0,29.4,130743.0,69.1250041414041
2560,2017,สมุทรสาคร,25446.0,20807.0,20.8,104677.0,81.76923681521654
2560,2017,สระบุรี,35378.0,26635.0,59.0,286460.0,75.28690146418678
2560,2017,สระแก้ว,22115.0,17610.0,68.3,169876.0,79.629210942799
2560,2017,สิงห์บุรี,26866.0,20263.0,53.6,187918.0,75.42246705873595
2560,2017,สุพรรณบุรี,20441.0,15919.0,39.9,45861.0,77.87779462844283
2560,2017,สุราษฎร์ธานี,38026.0,24186.0,55.2,240462.0,63.60384999737022
2560,2017,สุรินทร์,18189.0,16307.0,74.7,251796.0,89.6530870306229
2560,2017,สุโขทัย,21227.0,14968.0,65.4,230998.0,70.51396805954681
2560,2017,หนองคาย,21175.0,18815.0,44.9,98463.0,88.85478158205431
2560,2017,หนองบัวลำภู,22648.0,19043.0,70.8,187626.0,84.08247968915578
2560,2017,อำนาจเจริญ,18231.0,16575.0,78.4,226033.0,90.91657067632055
2560,2017,อุดรธานี,20718.0,20015.0,64.0,171114.0,96.60681532966503
2560,2017,อุตรดิตถ์,20857.0,14799.0,52.7,156686.0,70.95459557942178
2560,2017,อุทัยธานี,21166.0,16862.0,63.9,263755.0,79.66550127563072
2560,2017,อุบลราชธานี,24380.0,16046.0,67.7,195122.0,65.81624282198524
2560,2017,อ่างทอง,26484.0,17163.0,57.4,117942.0,64.80516538287267
2560,2017,เชียงราย,11809.0,10441.0,35.7,30608.0,88.4156152087391
2560,2017,เชียงใหม่,18970.0,15207.0,39.8,115220.0,80.16341591987349
2560,2017,เพชรบุรี,27232.0,23062.0,65.5,226175.0,84.68713278495888
2560,2017,เพชรบูรณ์,21350.0,16696.0,55.7,161800.0,78.20140515222482
2560,2017,เลย,21077.0,19103.0,60.9,148124.0,90.6343407505812
2560,2017,แพร่,19850.0,14474.0,60.5,158585.0,72.91687657430731
2560,2017,แม่ฮ่องสอน,15617.0,12243.0,43.9,122602.0,78.3953384132676
2562,2019,กระบี่,28522.0,23276.0,53.1,216586.0,81.60718042213028
2562,2019,กรุงเทพมหานคร,39459.0,31753.0,29.4,180297.0,80.470868496414
2562,2019,กาญจนบุรี,20842.0,18717.0,57.9,178101.0,89.8042414355628
2562,2019,กาฬสินธุ์,19089.0,13076.0,62.3,190144.0,68.5001833516685
2562,2019,กำแพงเพชร,19264.0,15752.0,64.8,179776.0,81.76910299003323
2562,2019,ขอนแก่น,19252.0,17663.0,54.0,75036.0,91.74631207147308
2562,2019,จันทบุรี,28114.0,19813.0,44.1,144098.0,70.47378530269617
2562,2019,ฉะเชิงเทรา,22875.0,17036.0,11.6,50753.0,74.47431693989071
2562,2019,ชลบุรี,28706.0,25684.0,28.4,124323.0,89.47258412875357
2562,2019,ชัยนาท,23204.0,15763.0,54.8,200562.0,67.93225305981727
2562,2019,ชัยภูมิ,20856.0,15402.0,66.1,183326.0,73.84925201380898
2562,2019,ชุมพร,29782.0,20194.0,28.1,118778.0,67.80605735007723
2562,2019,ตรัง,26004.0,20143.0,52.9,210015.0,77.46115982156591
2562,2019,ตราด,24174.0,18884.0,40.6,158440.0,78.11698519070075
2562,2019,ตาก,17655.0,13910.0,25.2,87070.0,78.78787878787878
2562,2019,นครนายก,25785.0,19717.0,49.6,140247.0,76.4669381423308
2562,2019,นครปฐม,34436.0,24255.0,42.4,105576.0,70.43500987338831
2562,2019,นครพนม,23431.0,16234.0,53.8,234936.0,69.28428150740473
2562,2019,นครราชสีมา,25736.0,16889.0,57.8,285595.0,65.62402859807274
2562,2019,นครศรีธรรมราช,28412.0,19171.0,46.5,167206.0,67.47501055891877
2562,2019,นครสวรรค์,22137.0,16002.0,53.0,174064.0,72.28621764466729
2562,2019,นนทบุรี,37502.0,32189.0,36.5,248010.0,85.83275558636872
2562,2019,นราธิวาส,17716.0,14573.0,16.6,52249.0,82.25897493790923
2562,2019,น่าน,18041.0,15270.0,62.9,179748.0,84.64054098996729
2562,2019,บึงกาฬ,22787.0,22225.0,71.0,220843.0,97.53368148505727
2562,2019,บุรีรัมย์,14742.0,13503.0,58.4,123403.0,91.5954415954416
2562,2019,ปทุมธานี,46978.0,37086.0,46.1,288110.0,78.94333517816851
2562,2019,ประจวบคีรีขันธ์,25412.0,19350.0,31.9,173544.0,76.14512828584921
2562,2019,ปราจีนบุรี,25843.0,21678.0,46.1,131928.0,83.88345006384708
2562,2019,ปัตตานี,22904.0,15949.0,69.0,197894.0,69.6341250436605
2562,2019,พระนครศรีอยุธยา,30590.0,24440.0,39.5,235806.0,79.89539065053938
2562,2019,พะเยา,14354.0,12916.0,33.9,84865.0,89.98188658213738
2562,2019,พังงา,22444.0,17999.0,29.8,73554.0,80.19515237925503
2562,2019,พัทลุง,20085.0,15849.0,45.8,205324.0,78.90963405526512
2562,2019,พิจิตร,21229.0,15752.0,49.0,160780.0,74.20038626407273
2562,2019,พิษณุโลก,20199.0,18125.0,48.9,203702.0,89.73216495866131
2562,2019,ภูเก็ต,36699.0,32763.0,46.5,236635.0,89.27491212294612
2562,2019,มหาสารคาม,22192.0,18309.0,73.6,224948.0,82.50270367700072
2562,2019,มุกดาหาร,18843.0,14902.0,46.4,130206.0,79.08507137929205
2562,2019,ยะลา,16588.0,13596.0,20.5,16895.0,81.9628647214854
2562,2019,ยโสธร,17768.0,13591.0,58.5,69665.0,76.4914452949122
2562,2019,ระนอง,27600.0,17187.0,37.5,122787.0,62.27173913043478
2562,2019,ระยอง,24299.0,20807.0,15.4,42507.0,85.629038232026
2562,2019,ราชบุรี,25163.0,20123.0,42.6,191123.0,79.97059174184318
2562,2019,ร้อยเอ็ด,18819.0,17320.0,48.6,97318.0,92.03464583665445
2562,2019,ลพบุรี,20785.0,16830.0,51.0,81028.0,80.97185470291075
2562,2019,ลำปาง,23929.0,17613.0,48.0,153688.0,73.60524886121442
2562,2019,ลำพูน,23600.0,19115.0,62.2,192726.0,80.9957627118644
2562,2019,ศรีสะเกษ,16136.0,14677.0,74.9,170138.0,90.95810609816559
2562,2019,สกลนคร,18452.0,14841.0,65.2,174896.0,80.43030565792326
2562,2019,สงขลา,20781.0,18017.0,33.6,125826.0,86.69938886482845
2562,2019,สตูล,22254.0,18590.0,49.5,177974.0,83.53554417183427
2562,2019,สมุทรปราการ,24729.0,21423.0,33.1,123126.0,86.63108091714182
2562,2019,สมุทรสงคราม,38395.0,19028.0,22.0,63515.0,49.5585362677432
2562,2019,สมุทรสาคร,23443.0,19664.0,17.5,139201.0,83.88004948172161
2562,2019,สระบุรี,30532.0,26007.0,48.4,245176.0,85.17948382025416
2562,2019,สระแก้ว,20685.0,15828.0,59.0,188177.0,76.51921682378536
2562,2019,สิงห์บุรี,24681.0,19885.0,49.2,117751.0,80.56804829626029
2562,2019,สุพรรณบุรี,16504.0,14558.0,42.9,60153.0,88.20891904992729
2562,2019,สุราษฎร์ธานี,32014.0,23490.0,49.2,143906.0,73.37414880989567
2562,2019,สุรินทร์,20238.0,18004.0,68.2,256332.0,88.96135981816386
2562,2019,สุโขทัย,22359.0,15166.0,61.6,203014.0,67.8295093698287
2562,2019,หนองคาย,20580.0,19104.0,47.6,77924.0,92.82798833819243
2562,2019,หนองบัวลำภู,18745.0,16008.0,60.6,143822.0,85.39877300613496
2562,2019,อำนาจเจริญ,20320.0,16693.0,70.3,216777.0,82.1505905511811
2562,2019,อุดรธานี,25766.0,22577.0,65.8,238094.0,87.62322440425366
2562,2019,อุตรดิตถ์,21425.0,16355.0,52.4,184059.0,76.33605600933488
2562,2019,อุทัยธานี,19873.0,15763.0,62.2,204890.0,79.31867357721532
2562,2019,อุบลราชธานี,18398.0,13496.0,61.5,138854.0,73.35579954342863
2562,2019,อ่างทอง,25821.0,17011.0,47.5,120418.0,65.8804848766508
2562,2019,เชียงราย,15056.0,12635.0,41.1,99624.0,83.92003188097769
2562,2019,เชียงใหม่,20443.0,15660.0,34.7,112077.0,76.60323827226924
2562,2019,เพชรบุรี,26814.0,20789.0,52.8,185828.0,77.53039457000075
2562,2019,เพชรบูรณ์,24623.0,16223.0,66.1,187733.0,65.88555415668279
2562,2019,เลย,25422.0,19220.0,59.3,244140.0,75.603807725592
2562,2019,แพร่,21398.0,15803.0,57.0,180970.0,73.85269651369288
2562,2019,แม่ฮ่องสอน,13971.0,11243.0,32.7,74586.0,80.47383866580773
2564,2021,กระบี่,29841.0,24234.0,63.7,318191.0,81.21041520056298
2564,2021,กรุงเทพมหานคร,40201.0,31867.0,33.4,191011.0,79.26917240864655
2564,2021,กาญจนบุรี,25940.0,22347.0,60.5,232181.0,86.14880493446415
2564,2021,กาฬสินธุ์,19398.0,14399.0,65.5,191828.0,74.22930198989587
2564,2021,กำแพงเพชร,20941.0,19497.0,63.2,218180.0,93.10443627333939
2564,2021,ขอนแก่น,18028.0,15055.0,48.6,47602.0,83.50898602174397
2564,2021,จันทบุรี,30878.0,22347.0,48.9,174221.0,72.37191527948701
2564,2021,ฉะเชิงเทรา,23196.0,18969.0,25.2,95585.0,81.77703052250388
2564,2021,ชลบุรี,32356.0,28002.0,51.1,244685.0,86.54345407343305
2564,2021,ชัยนาท,23326.0,18292.0,58.9,278101.0,78.41893166423733
2564,2021,ชัยภูมิ,20280.0,16178.0,67.8,193591.0,79.77317554240632
2564,2021,ชุมพร,30598.0,21501.0,43.9,190934.0,70.26929864697038
2564,2021,ตรัง,24457.0,18297.0,50.6,172192.0,74.8129369914544
2564,2021,ตราด,29917.0,19796.0,45.3,211667.0,66.16973627034797
2564,2021,ตาก,22632.0,16506.0,45.8,166162.0,72.93213149522799
2564,2021,นครนายก,29547.0,21775.0,54.6,222715.0,73.69614512471655
2564,2021,นครปฐม,38788.0,24003.0,44.7,139850.0,61.8825409920594
2564,2021,นครพนม,18525.0,15605.0,61.9,204805.0,84.23751686909581
2564,2021,นครราชสีมา,24779.0,16289.0,65.7,227077.0,65.7371161063804
2564,2021,นครศรีธรรมราช,31053.0,19575.0,52.4,204609.0,63.03738769201044
2564,2021,นครสวรรค์,20527.0,16152.0,58.7,197993.0,78.68660788230136
2564,2021,นนทบุรี,41129.0,33996.0,48.8,330810.0,82.6570060054949
2564,2021,นราธิวาส,17512.0,17089.0,27.8,55417.0,97.58451347647328
2564,2021,น่าน,20556.0,16650.0,58.6,236497.0,80.99824868651488
2564,2021,บึงกาฬ,24345.0,19540.0,68.2,197869.0,80.262887656603
2564,2021,บุรีรัมย์,23045.0,18835.0,71.3,302928.0,81.73139509655023
2564,2021,ปทุมธานี,39507.0,31640.0,56.4,370531.0,80.08707317690535
2564,2021,ประจวบคีรีขันธ์,26463.0,20845.0,42.3,178708.0,78.77035861391377
2564,2021,ปราจีนบุรี,27233.0,23319.0,59.0,265013.0,85.62773106157971
2564,2021,ปัตตานี,20692.0,15393.0,62.7,130865.0,74.39106901217862
2564,2021,พระนครศรีอยุธยา,31416.0,25327.0,46.5,205055.0,80.61815635345047
2564,2021,พะเยา,16338.0,12552.0,49.7,134028.0,76.82702901211898
2564,2021,พังงา,24594.0,21201.0,36.4,114689.0,86.20395218345938
2564,2021,พัทลุง,24084.0,17578.0,54.1,198967.0,72.98621491446605
2564,2021,พิจิตร,22192.0,17398.0,57.9,316859.0,78.39762076423936
2564,2021,พิษณุโลก,20913.0,19301.0,52.9,210241.0,92.29187586668579
2564,2021,ภูเก็ต,33328.0,32944.0,57.4,285240.0,98.84781565050407
2564,2021,มหาสารคาม,26542.0,20000.0,76.3,343780.0,75.35227187099692
2564,2021,มุกดาหาร,20608.0,17971.0,67.8,231636.0,87.20399844720497
2564,2021,ยะลา,19182.0,14928.0,44.2,90558.0,77.82295902408508
2564,2021,ยโสธร,19666.0,14391.0,59.9,108735.0,73.17705684938473
2564,2021,ระนอง,21990.0,17916.0,37.3,156215.0,81.47339699863574
2564,2021,ระยอง,28142.0,22366.0,36.1,85223.0,79.47551702082298
2564,2021,ราชบุรี,25995.0,22171.0,51.4,201831.0,85.28947874591267
2564,2021,ร้อยเอ็ด,17713.0,15607.0,49.7,155726.0,88.11042736972846
2564,2021,ลพบุรี,26676.0,21325.0,70.5,171605.0,79.94077073024441
2564,2021,ลำปาง,19858.0,15948.0,43.6,144054.0,80.31020243730487
2564,2021,ลำพูน,25377.0,19930.0,60.5,211632.0,78.53568191669622
2564,2021,ศรีสะเกษ,16569.0,13444.0,67.4,199973.0,81.13947733719597
2564,2021,สกลนคร,22508.0,16758.0,71.2,295867.0,74.4535276346188
2564,2021,สงขลา,22691.0,19656.0,39.4,124307.0,86.62465294610197
2564,2021,สตูล,23867.0,20846.0,53.6,204403.0,87.34235555369338
2564,2021,สมุทรปราการ,32914.0,27485.0,43.8,179708.0,83.50549917968037
2564,2021,สมุทรสงคราม,24964.0,19240.0,30.3,112225.0,77.07098221438872
2564,2021,สมุทรสาคร,27591.0,22695.0,35.2,221942.0,82.2550831792976
2564,2021,สระบุรี,33660.0,26503.0,55.5,335292.0,78.73737373737374
2564,2021,สระแก้ว,20709.0,17347.0,56.9,189680.0,83.7655125790719
2564,2021,สิงห์บุรี,26598.0,20146.0,54.4,131765.0,75.74253703285962
2564,2021,สุพรรณบุรี,17574.0,14777.0,51.8,101884.0,84.08444292705133
2564,2021,สุราษฎร์ธานี,34402.0,25539.0,59.5,293696.0,74.23696296726935
2564,2021,สุรินทร์,24009.0,20018.0,77.5,347321.0,83.37706693323337
2564,2021,สุโขทัย,22461.0,14034.0,61.0,241597.0,62.481634833711766
2564,2021,หนองคาย,21575.0,17903.0,51.9,89741.0,82.9803012746234
2564,2021,หนองบัวลำภู,23867.0,17841.0,73.2,292898.0,74.75174927724473
2564,2021,อำนาจเจริญ,20814.0,17207.0,69.5,187392.0,82.67031805515518
2564,2021,อุดรธานี,22606.0,19747.0,55.8,259888.0,87.35291515526852
2564,2021,อุตรดิตถ์,21664.0,16531.0,62.2,301878.0,76.30631462333825
2564,2021,อุทัยธานี,18428.0,15417.0,63.1,238285.0,83.6607336661602
2564,2021,อุบลราชธานี,20969.0,15752.0,64.9,215715.0,75.12041585197196
2564,2021,อ่างทอง,24510.0,17021.0,46.3,142114.0,69.44512443900449
2564,2021,เชียงราย,15619.0,12908.0,42.4,103165.0,82.64293488699661
2564,2021,เชียงใหม่,22963.0,17573.0,41.1,179777.0,76.52745721377869
2564,2021,เพชรบุรี,26922.0,22243.0,51.2,205933.0,82.62016194933511
2564,2021,เพชรบูรณ์,26150.0,17743.0,72.9,309180.0,67.8508604206501
2564,2021,เลย,26532.0,21013.0,62.8,261667.0,79.1987034524348
2564,2021,แพร่,20367.0,15053.0,60.1,178029.0,73.90877399715225
2564,2021,แม่ฮ่องสอน,15496.0,12214.0,42.2,123698.0,78.82034073309241
2566,2023,กระบี่,28360.0,24537.0,63.2,314717.0,86.5197461212976
2566,2023,กรุงเทพมหานคร,40051.0,32736.0,32.0,161050.0,81.73578687173854
2566,2023,กาญจนบุรี,24723.0,21348.0,52.6,183408.0,86.34874408445577
2566,2023,กาฬสินธุ์,20599.0,16247.0,60.5,164052.0,78.87276081363173
2566,2023,กำแพงเพชร,22442.0,19187.0,64.8,168276.0,85.495945102932
2566,2023,ขอนแก่น,19326.0,17191.0,52.4,62884.0,88.95270619890303
2566,2023,จันทบุรี,43857.0,27322.0,50.1,248280.0,62.29792279453679
2566,2023,ฉะเชิงเทรา,29146.0,23548.0,26.3,78872.0,80.79324778700337
2566,2023,ชลบุรี,35981.0,31685.0,47.9,282402.0,88.0603651927406
2566,2023,ชัยนาท,27543.0,21520.0,58.3,246576.0,78.13237483208074
2566,2023,ชัยภูมิ,22778.0,17473.0,61.3,203222.0,76.70998331723592
2566,2023,ชุมพร,32324.0,23736.0,32.0,135501.0,73.43150600173246
2566,2023,ตรัง,28288.0,22376.0,53.3,198008.0,79.10067873303167
2566,2023,ตราด,31521.0,23181.0,49.4,165966.0,73.54144855810412
2566,2023,ตาก,22647.0,17274.0,37.0,131752.0,76.2750033116969
2566,2023,นครนายก,24993.0,21709.0,60.3,133832.0,86.86032088984916
2566,2023,นครปฐม,32692.0,25433.0,39.6,168027.0,77.79579101920959
2566,2023,นครพนม,22099.0,20287.0,60.1,193929.0,91.8005339608127
2566,2023,นครราชสีมา,27775.0,21600.0,66.3,303257.0,77.76777677767777
2566,2023,นครศรีธรรมราช,33414.0,23069.0,50.8,268956.0,69.0399233854073
2566,2023,นครสวรรค์,23139.0,17559.0,50.3,152664.0,75.88486970050565
2566,2023,นนทบุรี,36767.0,31331.0,32.1,267543.0,85.21500258383877
2566,2023,นราธิวาส,18333.0,17638.0,26.6,68281.0,96.20902198221786
2566,2023,น่าน,20376.0,17281.0,46.5,186394.0,84.81056144483706
2566,2023,บึงกาฬ,25137.0,23541.0,62.9,189019.0,93.65079365079364
2566,2023,บุรีรัมย์,21961.0,18798.0,61.9,177744.0,85.59719502754884
2566,2023,ปทุมธานี,45729.0,36003.0,55.5,362493.0,78.73122088827658
2566,2023,ประจวบคีรีขันธ์,26010.0,21654.0,31.5,132584.0,83.25259515570934
2566,2023,ปราจีนบุรี,23883.0,21012.0,55.1,151926.0,87.97889712347695
2566,2023,ปัตตานี,19777.0,17540.0,57.2,120445.0,88.68888102341104
2566,2023,พระนครศรีอยุธยา,33919.0,26743.0,44.1,231845.0,78.84371591143606
2566,2023,พะเยา,17391.0,15079.0,32.3,123866.0,86.70576735092864
2566,2023,พังงา,22143.0,20007.0,28.8,121819.0,90.35361062186695
2566,2023,พัทลุง,26290.0,22620.0,51.4,254471.0,86.04031951312287
2566,2023,พิจิตร,22927.0,17668.0,48.4,254948.0,77.06197932568587
2566,2023,พิษณุโลก,26225.0,22403.0,57.5,258482.0,85.42612011439466
2566,2023,ภูเก็ต,41865.0,38941.0,53.8,424977.0,93.0156455272901
2566,2023,มหาสารคาม,21169.0,18142.0,60.4,154313.0,85.70078888941377
2566,2023,มุกดาหาร,24925.0,19449.0,67.0,285176.0,78.03009027081244
2566,2023,ยะลา,26759.0,19030.0,38.3,133721.0,71.11625994992339
2566,2023,ยโสธร,24439.0,18842.0,62.5,167342.0,77.09808093620852
2566,2023,ระนอง,26739.0,21433.0,36.1,146796.0,80.15632596581771
2566,2023,ระยอง,33226.0,27928.0,51.2,183633.0,84.0546559922952
2566,2023,ราชบุรี,31367.0,26438.0,52.0,314967.0,84.28603309210317
2566,2023,ร้อยเอ็ด,20354.0,19675.0,51.3,161510.0,96.66404637909011
2566,2023,ลพบุรี,25918.0,20628.0,55.2,135397.0,79.58947449648892
2566,2023,ลำปาง,24039.0,18889.0,34.6,132739.0,78.57647988685054
2566,2023,ลำพูน,25535.0,21351.0,62.1,217442.0,83.61464656354023
2566,2023,ศรีสะเกษ,19858.0,17438.0,63.2,238414.0,87.8134756773089
2566,2023,สกลนคร,20652.0,17171.0,59.4,221537.0,83.14448963780747
2566,2023,สงขลา,23933.0,21547.0,34.7,227079.0,90.03050181757406
2566,2023,สตูล,23448.0,19379.0,46.9,166946.0,82.6467076083248
2566,2023,สมุทรปราการ,32263.0,27355.0,37.5,211962.0,84.78752750829123
2566,2023,สมุทรสงคราม,27869.0,23560.0,29.6,111050.0,84.53837597330367
2566,2023,สมุทรสาคร,27905.0,22791.0,25.2,82663.0,81.67353520874396
2566,2023,สระบุรี,33894.0,27213.0,50.5,254307.0,80.28854664542396
2566,2023,สระแก้ว,21211.0,18298.0,53.1,167712.0,86.26655980387534
2566,2023,สิงห์บุรี,30869.0,22967.0,43.8,150159.0,74.40150312611358
2566,2023,สุพรรณบุรี,21542.0,17852.0,45.8,48152.0,82.87067124686659
2566,2023,สุราษฎร์ธานี,33523.0,26353.0,55.9,225020.0,78.61169943024193
2566,2023,สุรินทร์,22216.0,18282.0,71.7,290152.0,82.29204177169608
2566,2023,สุโขทัย,26857.0,18211.0,63.5,243901.0,67.80727557061473
2566,2023,หนองคาย,26200.0,22691.0,58.8,193443.0,86.60687022900764
2566,2023,หนองบัวลำภู,24491.0,19529.0,73.1,260061.0,79.73949614143972
2566,2023,อำนาจเจริญ,28515.0,22701.0,70.2,337610.0,79.61073119410837
2566,2023,อุดรธานี,21212.0,17489.0,45.5,105266.0,82.44861399207996
2566,2023,อุตรดิตถ์,24941.0,19499.0,58.3,268683.0,78.18050599414619
2566,2023,อุทัยธานี,20607.0,16469.0,54.8,171054.0,79.91944484883777
2566,2023,อุบลราชธานี,20317.0,15751.0,67.8,202806.0,77.52620957818576
2566,2023,อ่างทอง,27923.0,18710.0,42.2,144232.0,67.00569423056263
2566,2023,เชียงราย,15745.0,13341.0,40.6,60071.0,84.73166084471261
2566,2023,เชียงใหม่,29252.0,22658.0,42.6,144064.0,77.45795159305347
2566,2023,เพชรบุรี,28823.0,23040.0,43.3,190746.0,79.93616209277313
2566,2023,เพชรบูรณ์,27716.0,20907.0,69.4,309224.0,75.43296290951075
2566,2023,เลย,23766.0,19278.0,52.7,257883.0,81.11587982832617
2566,2023,แพร่,25290.0,18340.0,55.0,244067.0,72.51878212732305
2566,2023,แม่ฮ่องสอน,18509.0,14927.0,45.8,170824.0,80.64725268788158
