year,province,mthincome_mthexp_totaldebt_pctexptoincome,soc_eco_class1,soc_eco_class2,value,unit,attribute,source,total_households,average_household_size
2568,กระบี่,ค่าใช้จ่ายทั้งสิ้นต่อเดือน,รวมทั้งสิ้น,รวมทั้งสิ้น,26041.0,บาท,,"สำนักงานสถิติแห่งชาติ (การสำรวจภาวะเศรษฐกิจและสังคมของครัวเรือน พ.ศ. 2568, ตาราง ค.1)",144115.0,3.1
2568,กระบี่,รายได้ทั้งสิ้นต่อเดือน,รวมทั้งสิ้น,รวมทั้งสิ้น,36030.0,บาท,,"สำนักงานสถิติแห่งชาติ (การสำรวจภาวะเศรษฐกิจและสังคมของครัวเรือน พ.ศ. 2568, ตาราง ค.1)",144115.0,3.1
2568,กระบี่,ร้อยละของค่าใช้จ่ายต่อรายได้,รวมทั้งสิ้น,รวมทั้งสิ้น,72.27588121010268,ร้อยละ,คำนวณจากค่าใช้จ่ายทั้งสิ้นต่อเดือนหารด้วยรายได้ทั้งสิ้นต่อเดือน × 100,"สำนักงานสถิติแห่งชาติ (การสำรวจภาวะเศรษฐกิจและสังคมของครัวเรือน พ.ศ. 2568, ตาราง ค.1)",144115.0,3.1
2568,กระบี่,หนี้สินเฉลี่ยต่อครัวเรือนทั้งสิ้น,รวมทั้งสิ้น,รวมทั้งสิ้น,274589.0,บาท,,"สำนักงานสถิติแห่งชาติ (การสำรวจภาวะเศรษฐกิจและสังคมของครัวเรือน พ.ศ. 2568, ตาราง ค.1)",144115.0,3.1
2568,กรุงเทพมหานคร,ค่าใช้จ่ายทั้งสิ้นต่อเดือน,รวมทั้งสิ้น,รวมทั้งสิ้น,32695.0,บาท,,"สำนักงานสถิติแห่งชาติ (การสำรวจภาวะเศรษฐกิจและสังคมของครัวเรือน พ.ศ. 2568, ตาราง ค.1)",3070527.0,2.2
2568,กรุงเทพมหานคร,รายได้ทั้งสิ้นต่อเดือน,รวมทั้งสิ้น,รวมทั้งสิ้น,40187.0,บาท,,"สำนักงานสถิติแห่งชาติ (การสำรวจภาวะเศรษฐกิจและสังคมของครัวเรือน พ.ศ. 2568, ตาราง ค.1)",3070527.0,2.2
2568,กรุงเทพมหานคร,ร้อยละของค่าใช้จ่ายต่อรายได้,รวมทั้งสิ้น,รวมทั้งสิ้น,81.35715529897728,ร้อยละ,คำนวณจากค่าใช้จ่ายทั้งสิ้นต่อเดือนหารด้วยรายได้ทั้งสิ้นต่อเดือน × 100,"สำนักงานสถิติแห่งชาติ (การสำรวจภาวะเศรษฐกิจและสังคมของครัวเรือน พ.ศ. 2568, ตาราง ค.1)",3070527.0,2.2
2568,กรุงเทพมหานคร,หนี้สินเฉลี่ยต่อครัวเรือนทั้งสิ้น,รวมทั้งสิ้น,รวมทั้งสิ้น,116303.0,บาท,,"สำนักงานสถิติแห่งชาติ (การสำรวจภาวะเศรษฐกิจและสังคมของครัวเรือน พ.ศ. 2568, ตาราง ค.1)",3070527.0,2.2
2568,กาญจนบุรี,ค่าใช้จ่ายทั้งสิ้นต่อเดือน,รวมทั้งสิ้น,รวมทั้งสิ้น,21741.0,บาท,,"สำนักงานสถิติแห่งชาติ (การสำรวจภาวะเศรษฐกิจและสังคมของครัวเรือน พ.ศ. 2568, ตาราง ค.1)",287384.0,2.6
2568,กาญจนบุรี,รายได้ทั้งสิ้นต่อเดือน,รวมทั้งสิ้น,รวมทั้งสิ้น,26469.0,บาท,,"สำนักงานสถิติแห่งชาติ (การสำรวจภาวะเศรษฐกิจและสังคมของครัวเรือน พ.ศ. 2568, ตาราง ค.1)",287384.0,2.6
2568,กาญจนบุรี,ร้อยละของค่าใช้จ่ายต่อรายได้,รวมทั้งสิ้น,รวมทั้งสิ้น,82.13759492236201,ร้อยละ,คำนวณจากค่าใช้จ่ายทั้งสิ้นต่อเดือนหารด้วยรายได้ทั้งสิ้นต่อเดือน × 100,"สำนักงานสถิติแห่งชาติ (การสำรวจภาวะเศรษฐกิจและสังคมของครัวเรือน พ.ศ. 2568, ตาราง ค.1)",287384.0,2.6
2568,กาญจนบุรี,หนี้สินเฉลี่ยต่อครัวเรือนทั้งสิ้น,รวมทั้งสิ้น,รวมทั้งสิ้น,176415.0,บาท,,"สำนักงานสถิติแห่งชาติ (การสำรวจภาวะเศรษฐกิจและสังคมของครัวเรือน พ.ศ. 2568, ตาราง ค.1)",287384.0,2.6
2568,กาฬสินธุ์,ค่าใช้จ่ายทั้งสิ้นต่อเดือน,รวมทั้งสิ้น,รวมทั้งสิ้น,16799.0,บาท,,"สำนักงานสถิติแห่งชาติ (การสำรวจภาวะเศรษฐกิจและสังคมของครัวเรือน พ.ศ. 2568, ตาราง ค.1)",247314.0,2.7
2568,กาฬสินธุ์,รายได้ทั้งสิ้นต่อเดือน,รวมทั้งสิ้น,รวมทั้งสิ้น,22011.0,บาท,,"สำนักงานสถิติแห่งชาติ (การสำรวจภาวะเศรษฐกิจและสังคมของครัวเรือน พ.ศ. 2568, ตาราง ค.1)",247314.0,2.7
2568,กาฬสินธุ์,ร้อยละของค่าใช้จ่ายต่อรายได้,รวมทั้งสิ้น,รวมทั้งสิ้น,76.32093044386897,ร้อยละ,คำนวณจากค่าใช้จ่ายทั้งสิ้นต่อเดือนหารด้วยรายได้ทั้งสิ้นต่อเดือน × 100,"สำนักงานสถิติแห่งชาติ (การสำรวจภาวะเศรษฐกิจและสังคมของครัวเรือน พ.ศ. 2568, ตาราง ค.1)",247314.0,2.7
2568,กาฬสินธุ์,หนี้สินเฉลี่ยต่อครัวเรือนทั้งสิ้น,รวมทั้งสิ้น,รวมทั้งสิ้น,143179.0,บาท,,"สำนักงานสถิติแห่งชาติ (การสำรวจภาวะเศรษฐกิจและสังคมของครัวเรือน พ.ศ. 2568, ตาราง ค.1)",247314.0,2.7
2568,กำแพงเพชร,ค่าใช้จ่ายทั้งสิ้นต่อเดือน,รวมทั้งสิ้น,รวมทั้งสิ้น,19081.0,บาท,,"สำนักงานสถิติแห่งชาติ (การสำรวจภาวะเศรษฐกิจและสังคมของครัวเรือน พ.ศ. 2568, ตาราง ค.1)",274083.0,2.8
2568,กำแพงเพชร,รายได้ทั้งสิ้นต่อเดือน,รวมทั้งสิ้น,รวมทั้งสิ้น,23193.0,บาท,,"สำนักงานสถิติแห่งชาติ (การสำรวจภาวะเศรษฐกิจและสังคมของครัวเรือน พ.ศ. 2568, ตาราง ค.1)",274083.0,2.8
2568,กำแพงเพชร,ร้อยละของค่าใช้จ่ายต่อรายได้,รวมทั้งสิ้น,รวมทั้งสิ้น,82.27051265468029,ร้อยละ,คำนวณจากค่าใช้จ่ายทั้งสิ้นต่อเดือนหารด้วยรายได้ทั้งสิ้นต่อเดือน × 100,"สำนักงานสถิติแห่งชาติ (การสำรวจภาวะเศรษฐกิจและสังคมของครัวเรือน พ.ศ. 2568, ตาราง ค.1)",274083.0,2.8
2568,กำแพงเพชร,หนี้สินเฉลี่ยต่อครัวเรือนทั้งสิ้น,รวมทั้งสิ้น,รวมทั้งสิ้น,221046.0,บาท,,"สำนักงานสถิติแห่งชาติ (การสำรวจภาวะเศรษฐกิจและสังคมของครัวเรือน พ.ศ. 2568, ตาราง ค.1)",274083.0,2.8
2568,ขอนแก่น,ค่าใช้จ่ายทั้งสิ้นต่อเดือน,รวมทั้งสิ้น,รวมทั้งสิ้น,16738.0,บาท,,"สำนักงานสถิติแห่งชาติ (การสำรวจภาวะเศรษฐกิจและสังคมของครัวเรือน พ.ศ. 2568, ตาราง ค.1)",646771.0,2.2
2568,ขอนแก่น,รายได้ทั้งสิ้นต่อเดือน,รวมทั้งสิ้น,รวมทั้งสิ้น,19304.0,บาท,,"สำนักงานสถิติแห่งชาติ (การสำรวจภาวะเศรษฐกิจและสังคมของครัวเรือน พ.ศ. 2568, ตาราง ค.1)",646771.0,2.2
2568,ขอนแก่น,ร้อยละของค่าใช้จ่ายต่อรายได้,รวมทั้งสิ้น,รวมทั้งสิ้น,86.70741815167841,ร้อยละ,คำนวณจากค่าใช้จ่ายทั้งสิ้นต่อเดือนหารด้วยรายได้ทั้งสิ้นต่อเดือน × 100,"สำนักงานสถิติแห่งชาติ (การสำรวจภาวะเศรษฐกิจและสังคมของครัวเรือน พ.ศ. 2568, ตาราง ค.1)",646771.0,2.2
2568,ขอนแก่น,หนี้สินเฉลี่ยต่อครัวเรือนทั้งสิ้น,รวมทั้งสิ้น,รวมทั้งสิ้น,42148.0,บาท,,"สำนักงานสถิติแห่งชาติ (การสำรวจภาวะเศรษฐกิจและสังคมของครัวเรือน พ.ศ. 2568, ตาราง ค.1)",646771.0,2.2
2568,จันทบุรี,ค่าใช้จ่ายทั้งสิ้นต่อเดือน,รวมทั้งสิ้น,รวมทั้งสิ้น,28675.0,บาท,,"สำนักงานสถิติแห่งชาติ (การสำรวจภาวะเศรษฐกิจและสังคมของครัวเรือน พ.ศ. 2568, ตาราง ค.1)",198592.0,2.9
2568,จันทบุรี,รายได้ทั้งสิ้นต่อเดือน,รวมทั้งสิ้น,รวมทั้งสิ้น,47781.0,บาท,,"สำนักงานสถิติแห่งชาติ (การสำรวจภาวะเศรษฐกิจและสังคมของครัวเรือน พ.ศ. 2568, ตาราง ค.1)",198592.0,2.9
2568,จันทบุรี,ร้อยละของค่าใช้จ่ายต่อรายได้,รวมทั้งสิ้น,รวมทั้งสิ้น,60.01339444549089,ร้อยละ,คำนวณจากค่าใช้จ่ายทั้งสิ้นต่อเดือนหารด้วยรายได้ทั้งสิ้นต่อเดือน × 100,"สำนักงานสถิติแห่งชาติ (การสำรวจภาวะเศรษฐกิจและสังคมของครัวเรือน พ.ศ. 2568, ตาราง ค.1)",198592.0,2.9
2568,จันทบุรี,หนี้สินเฉลี่ยต่อครัวเรือนทั้งสิ้น,รวมทั้งสิ้น,รวมทั้งสิ้น,193492.0,บาท,,"สำนักงานสถิติแห่งชาติ (การสำรวจภาวะเศรษฐกิจและสังคมของครัวเรือน พ.ศ. 2568, ตาราง ค.1)",198592.0,2.9
2568,ฉะเชิงเทรา,ค่าใช้จ่ายทั้งสิ้นต่อเดือน,รวมทั้งสิ้น,รวมทั้งสิ้น,23900.0,บาท,,"สำนักงานสถิติแห่งชาติ (การสำรวจภาวะเศรษฐกิจและสังคมของครัวเรือน พ.ศ. 2568, ตาราง ค.1)",340849.0,2.3
2568,ฉะเชิงเทรา,รายได้ทั้งสิ้นต่อเดือน,รวมทั้งสิ้น,รวมทั้งสิ้น,28819.0,บาท,,"สำนักงานสถิติแห่งชาติ (การสำรวจภาวะเศรษฐกิจและสังคมของครัวเรือน พ.ศ. 2568, ตาราง ค.1)",340849.0,2.3
2568,ฉะเชิงเทรา,ร้อยละของค่าใช้จ่ายต่อรายได้,รวมทั้งสิ้น,รวมทั้งสิ้น,82.93139942399111,ร้อยละ,คำนวณจากค่าใช้จ่ายทั้งสิ้นต่อเดือนหารด้วยรายได้ทั้งสิ้นต่อเดือน × 100,"สำนักงานสถิติแห่งชาติ (การสำรวจภาวะเศรษฐกิจและสังคมของครัวเรือน พ.ศ. 2568, ตาราง ค.1)",340849.0,2.3
2568,ฉะเชิงเทรา,หนี้สินเฉลี่ยต่อครัวเรือนทั้งสิ้น,รวมทั้งสิ้น,รวมทั้งสิ้น,115288.0,บาท,,"สำนักงานสถิติแห่งชาติ (การสำรวจภาวะเศรษฐกิจและสังคมของครัวเรือน พ.ศ. 2568, ตาราง ค.1)",340849.0,2.3
2568,ชลบุรี,ค่าใช้จ่ายทั้งสิ้นต่อเดือน,รวมทั้งสิ้น,รวมทั้งสิ้น,25423.0,บาท,,"สำนักงานสถิติแห่งชาติ (การสำรวจภาวะเศรษฐกิจและสังคมของครัวเรือน พ.ศ. 2568, ตาราง ค.1)",691779.0,2.1
2568,ชลบุรี,รายได้ทั้งสิ้นต่อเดือน,รวมทั้งสิ้น,รวมทั้งสิ้น,29018.0,บาท,,"สำนักงานสถิติแห่งชาติ (การสำรวจภาวะเศรษฐกิจและสังคมของครัวเรือน พ.ศ. 2568, ตาราง ค.1)",691779.0,2.1
2568,ชลบุรี,ร้อยละของค่าใช้จ่ายต่อรายได้,รวมทั้งสิ้น,รวมทั้งสิ้น,87.61113791439796,ร้อยละ,คำนวณจากค่าใช้จ่ายทั้งสิ้นต่อเดือนหารด้วยรายได้ทั้งสิ้นต่อเดือน × 100,"สำนักงานสถิติแห่งชาติ (การสำรวจภาวะเศรษฐกิจและสังคมของครัวเรือน พ.ศ. 2568, ตาราง ค.1)",691779.0,2.1
2568,ชลบุรี,หนี้สินเฉลี่ยต่อครัวเรือนทั้งสิ้น,รวมทั้งสิ้น,รวมทั้งสิ้น,155076.0,บาท,,"สำนักงานสถิติแห่งชาติ (การสำรวจภาวะเศรษฐกิจและสังคมของครัวเรือน พ.ศ. 2568, ตาราง ค.1)",691779.0,2.1
2568,ชัยนาท,ค่าใช้จ่ายทั้งสิ้นต่อเดือน,รวมทั้งสิ้น,รวมทั้งสิ้น,23981.0,บาท,,"สำนักงานสถิติแห่งชาติ (การสำรวจภาวะเศรษฐกิจและสังคมของครัวเรือน พ.ศ. 2568, ตาราง ค.1)",103012.0,2.7
2568,ชัยนาท,รายได้ทั้งสิ้นต่อเดือน,รวมทั้งสิ้น,รวมทั้งสิ้น,31428.0,บาท,,"สำนักงานสถิติแห่งชาติ (การสำรวจภาวะเศรษฐกิจและสังคมของครัวเรือน พ.ศ. 2568, ตาราง ค.1)",103012.0,2.7
2568,ชัยนาท,ร้อยละของค่าใช้จ่ายต่อรายได้,รวมทั้งสิ้น,รวมทั้งสิ้น,76.30456917398499,ร้อยละ,คำนวณจากค่าใช้จ่ายทั้งสิ้นต่อเดือนหารด้วยรายได้ทั้งสิ้นต่อเดือน × 100,"สำนักงานสถิติแห่งชาติ (การสำรวจภาวะเศรษฐกิจและสังคมของครัวเรือน พ.ศ. 2568, ตาราง ค.1)",103012.0,2.7
2568,ชัยนาท,หนี้สินเฉลี่ยต่อครัวเรือนทั้งสิ้น,รวมทั้งสิ้น,รวมทั้งสิ้น,294532.0,บาท,,"สำนักงานสถิติแห่งชาติ (การสำรวจภาวะเศรษฐกิจและสังคมของครัวเรือน พ.ศ. 2568, ตาราง ค.1)",103012.0,2.7
2568,ชัยภูมิ,ค่าใช้จ่ายทั้งสิ้นต่อเดือน,รวมทั้งสิ้น,รวมทั้งสิ้น,17978.0,บาท,,"สำนักงานสถิติแห่งชาติ (การสำรวจภาวะเศรษฐกิจและสังคมของครัวเรือน พ.ศ. 2568, ตาราง ค.1)",321153.0,2.6
2568,ชัยภูมิ,รายได้ทั้งสิ้นต่อเดือน,รวมทั้งสิ้น,รวมทั้งสิ้น,25069.0,บาท,,"สำนักงานสถิติแห่งชาติ (การสำรวจภาวะเศรษฐกิจและสังคมของครัวเรือน พ.ศ. 2568, ตาราง ค.1)",321153.0,2.6
2568,ชัยภูมิ,ร้อยละของค่าใช้จ่ายต่อรายได้,รวมทั้งสิ้น,รวมทั้งสิ้น,71.71406916909329,ร้อยละ,คำนวณจากค่าใช้จ่ายทั้งสิ้นต่อเดือนหารด้วยรายได้ทั้งสิ้นต่อเดือน × 100,"สำนักงานสถิติแห่งชาติ (การสำรวจภาวะเศรษฐกิจและสังคมของครัวเรือน พ.ศ. 2568, ตาราง ค.1)",321153.0,2.6
2568,ชัยภูมิ,หนี้สินเฉลี่ยต่อครัวเรือนทั้งสิ้น,รวมทั้งสิ้น,รวมทั้งสิ้น,206055.0,บาท,,"สำนักงานสถิติแห่งชาติ (การสำรวจภาวะเศรษฐกิจและสังคมของครัวเรือน พ.ศ. 2568, ตาราง ค.1)",321153.0,2.6
2568,ชุมพร,ค่าใช้จ่ายทั้งสิ้นต่อเดือน,รวมทั้งสิ้น,รวมทั้งสิ้น,23290.0,บาท,,"สำนักงานสถิติแห่งชาติ (การสำรวจภาวะเศรษฐกิจและสังคมของครัวเรือน พ.ศ. 2568, ตาราง ค.1)",186841.0,2.6
2568,ชุมพร,รายได้ทั้งสิ้นต่อเดือน,รวมทั้งสิ้น,รวมทั้งสิ้น,30880.0,บาท,,"สำนักงานสถิติแห่งชาติ (การสำรวจภาวะเศรษฐกิจและสังคมของครัวเรือน พ.ศ. 2568, ตาราง ค.1)",186841.0,2.6
2568,ชุมพร,ร้อยละของค่าใช้จ่ายต่อรายได้,รวมทั้งสิ้น,รวมทั้งสิ้น,75.42098445595855,ร้อยละ,คำนวณจากค่าใช้จ่ายทั้งสิ้นต่อเดือนหารด้วยรายได้ทั้งสิ้นต่อเดือน × 100,"สำนักงานสถิติแห่งชาติ (การสำรวจภาวะเศรษฐกิจและสังคมของครัวเรือน พ.ศ. 2568, ตาราง ค.1)",186841.0,2.6
2568,ชุมพร,หนี้สินเฉลี่ยต่อครัวเรือนทั้งสิ้น,รวมทั้งสิ้น,รวมทั้งสิ้น,137712.0,บาท,,"สำนักงานสถิติแห่งชาติ (การสำรวจภาวะเศรษฐกิจและสังคมของครัวเรือน พ.ศ. 2568, ตาราง ค.1)",186841.0,2.6
2568,ตรัง,ค่าใช้จ่ายทั้งสิ้นต่อเดือน,รวมทั้งสิ้น,รวมทั้งสิ้น,21223.0,บาท,,"สำนักงานสถิติแห่งชาติ (การสำรวจภาวะเศรษฐกิจและสังคมของครัวเรือน พ.ศ. 2568, ตาราง ค.1)",208933.0,3.0
2568,ตรัง,รายได้ทั้งสิ้นต่อเดือน,รวมทั้งสิ้น,รวมทั้งสิ้น,28191.0,บาท,,"สำนักงานสถิติแห่งชาติ (การสำรวจภาวะเศรษฐกิจและสังคมของครัวเรือน พ.ศ. 2568, ตาราง ค.1)",208933.0,3.0
2568,ตรัง,ร้อยละของค่าใช้จ่ายต่อรายได้,รวมทั้งสิ้น,รวมทั้งสิ้น,75.28289170302578,ร้อยละ,คำนวณจากค่าใช้จ่ายทั้งสิ้นต่อเดือนหารด้วยรายได้ทั้งสิ้นต่อเดือน × 100,"สำนักงานสถิติแห่งชาติ (การสำรวจภาวะเศรษฐกิจและสังคมของครัวเรือน พ.ศ. 2568, ตาราง ค.1)",208933.0,3.0
2568,ตรัง,หนี้สินเฉลี่ยต่อครัวเรือนทั้งสิ้น,รวมทั้งสิ้น,รวมทั้งสิ้น,203619.0,บาท,,"สำนักงานสถิติแห่งชาติ (การสำรวจภาวะเศรษฐกิจและสังคมของครัวเรือน พ.ศ. 2568, ตาราง ค.1)",208933.0,3.0
2568,ตราด,ค่าใช้จ่ายทั้งสิ้นต่อเดือน,รวมทั้งสิ้น,รวมทั้งสิ้น,21640.0,บาท,,"สำนักงานสถิติแห่งชาติ (การสำรวจภาวะเศรษฐกิจและสังคมของครัวเรือน พ.ศ. 2568, ตาราง ค.1)",108578.0,2.6
2568,ตราด,รายได้ทั้งสิ้นต่อเดือน,รวมทั้งสิ้น,รวมทั้งสิ้น,29814.0,บาท,,"สำนักงานสถิติแห่งชาติ (การสำรวจภาวะเศรษฐกิจและสังคมของครัวเรือน พ.ศ. 2568, ตาราง ค.1)",108578.0,2.6
2568,ตราด,ร้อยละของค่าใช้จ่ายต่อรายได้,รวมทั้งสิ้น,รวมทั้งสิ้น,72.58335010397799,ร้อยละ,คำนวณจากค่าใช้จ่ายทั้งสิ้นต่อเดือนหารด้วยรายได้ทั้งสิ้นต่อเดือน × 100,"สำนักงานสถิติแห่งชาติ (การสำรวจภาวะเศรษฐกิจและสังคมของครัวเรือน พ.ศ. 2568, ตาราง ค.1)",108578.0,2.6
2568,ตราด,หนี้สินเฉลี่ยต่อครัวเรือนทั้งสิ้น,รวมทั้งสิ้น,รวมทั้งสิ้น,164251.0,บาท,,"สำนักงานสถิติแห่งชาติ (การสำรวจภาวะเศรษฐกิจและสังคมของครัวเรือน พ.ศ. 2568, ตาราง ค.1)",108578.0,2.6
2568,ตาก,ค่าใช้จ่ายทั้งสิ้นต่อเดือน,รวมทั้งสิ้น,รวมทั้งสิ้น,18797.0,บาท,,"สำนักงานสถิติแห่งชาติ (การสำรวจภาวะเศรษฐกิจและสังคมของครัวเรือน พ.ศ. 2568, ตาราง ค.1)",168256.0,3.0
2568,ตาก,รายได้ทั้งสิ้นต่อเดือน,รวมทั้งสิ้น,รวมทั้งสิ้น,24431.0,บาท,,"สำนักงานสถิติแห่งชาติ (การสำรวจภาวะเศรษฐกิจและสังคมของครัวเรือน พ.ศ. 2568, ตาราง ค.1)",168256.0,3.0
2568,ตาก,ร้อยละของค่าใช้จ่ายต่อรายได้,รวมทั้งสิ้น,รวมทั้งสิ้น,76.93913470590643,ร้อยละ,คำนวณจากค่าใช้จ่ายทั้งสิ้นต่อเดือนหารด้วยรายได้ทั้งสิ้นต่อเดือน × 100,"สำนักงานสถิติแห่งชาติ (การสำรวจภาวะเศรษฐกิจและสังคมของครัวเรือน พ.ศ. 2568, ตาราง ค.1)",168256.0,3.0
2568,ตาก,หนี้สินเฉลี่ยต่อครัวเรือนทั้งสิ้น,รวมทั้งสิ้น,รวมทั้งสิ้น,181089.0,บาท,,"สำนักงานสถิติแห่งชาติ (การสำรวจภาวะเศรษฐกิจและสังคมของครัวเรือน พ.ศ. 2568, ตาราง ค.1)",168256.0,3.0
2568,นครนายก,ค่าใช้จ่ายทั้งสิ้นต่อเดือน,รวมทั้งสิ้น,รวมทั้งสิ้น,24854.0,บาท,,"สำนักงานสถิติแห่งชาติ (การสำรวจภาวะเศรษฐกิจและสังคมของครัวเรือน พ.ศ. 2568, ตาราง ค.1)",91845.0,2.7
2568,นครนายก,รายได้ทั้งสิ้นต่อเดือน,รวมทั้งสิ้น,รวมทั้งสิ้น,30213.0,บาท,,"สำนักงานสถิติแห่งชาติ (การสำรวจภาวะเศรษฐกิจและสังคมของครัวเรือน พ.ศ. 2568, ตาราง ค.1)",91845.0,2.7
2568,นครนายก,ร้อยละของค่าใช้จ่ายต่อรายได้,รวมทั้งสิ้น,รวมทั้งสิ้น,82.26260219110979,ร้อยละ,คำนวณจากค่าใช้จ่ายทั้งสิ้นต่อเดือนหารด้วยรายได้ทั้งสิ้นต่อเดือน × 100,"สำนักงานสถิติแห่งชาติ (การสำรวจภาวะเศรษฐกิจและสังคมของครัวเรือน พ.ศ. 2568, ตาราง ค.1)",91845.0,2.7
2568,นครนายก,หนี้สินเฉลี่ยต่อครัวเรือนทั้งสิ้น,รวมทั้งสิ้น,รวมทั้งสิ้น,166256.0,บาท,,"สำนักงานสถิติแห่งชาติ (การสำรวจภาวะเศรษฐกิจและสังคมของครัวเรือน พ.ศ. 2568, ตาราง ค.1)",91845.0,2.7
2568,นครปฐม,ค่าใช้จ่ายทั้งสิ้นต่อเดือน,รวมทั้งสิ้น,รวมทั้งสิ้น,22850.0,บาท,,"สำนักงานสถิติแห่งชาติ (การสำรวจภาวะเศรษฐกิจและสังคมของครัวเรือน พ.ศ. 2568, ตาราง ค.1)",480122.0,2.5
2568,นครปฐม,รายได้ทั้งสิ้นต่อเดือน,รวมทั้งสิ้น,รวมทั้งสิ้น,29760.0,บาท,,"สำนักงานสถิติแห่งชาติ (การสำรวจภาวะเศรษฐกิจและสังคมของครัวเรือน พ.ศ. 2568, ตาราง ค.1)",480122.0,2.5
2568,นครปฐม,ร้อยละของค่าใช้จ่ายต่อรายได้,รวมทั้งสิ้น,รวมทั้งสิ้น,76.78091397849462,ร้อยละ,คำนวณจากค่าใช้จ่ายทั้งสิ้นต่อเดือนหารด้วยรายได้ทั้งสิ้นต่อเดือน × 100,"สำนักงานสถิติแห่งชาติ (การสำรวจภาวะเศรษฐกิจและสังคมของครัวเรือน พ.ศ. 2568, ตาราง ค.1)",480122.0,2.5
2568,นครปฐม,หนี้สินเฉลี่ยต่อครัวเรือนทั้งสิ้น,รวมทั้งสิ้น,รวมทั้งสิ้น,82743.0,บาท,,"สำนักงานสถิติแห่งชาติ (การสำรวจภาวะเศรษฐกิจและสังคมของครัวเรือน พ.ศ. 2568, ตาราง ค.1)",480122.0,2.5
2568,นครพนม,ค่าใช้จ่ายทั้งสิ้นต่อเดือน,รวมทั้งสิ้น,รวมทั้งสิ้น,18743.0,บาท,,"สำนักงานสถิติแห่งชาติ (การสำรวจภาวะเศรษฐกิจและสังคมของครัวเรือน พ.ศ. 2568, ตาราง ค.1)",203494.0,2.9
2568,นครพนม,รายได้ทั้งสิ้นต่อเดือน,รวมทั้งสิ้น,รวมทั้งสิ้น,23577.0,บาท,,"สำนักงานสถิติแห่งชาติ (การสำรวจภาวะเศรษฐกิจและสังคมของครัวเรือน พ.ศ. 2568, ตาราง ค.1)",203494.0,2.9
2568,นครพนม,ร้อยละของค่าใช้จ่ายต่อรายได้,รวมทั้งสิ้น,รวมทั้งสิ้น,79.49696738346694,ร้อยละ,คำนวณจากค่าใช้จ่ายทั้งสิ้นต่อเดือนหารด้วยรายได้ทั้งสิ้นต่อเดือน × 100,"สำนักงานสถิติแห่งชาติ (การสำรวจภาวะเศรษฐกิจและสังคมของครัวเรือน พ.ศ. 2568, ตาราง ค.1)",203494.0,2.9
2568,นครพนม,หนี้สินเฉลี่ยต่อครัวเรือนทั้งสิ้น,รวมทั้งสิ้น,รวมทั้งสิ้น,221228.0,บาท,,"สำนักงานสถิติแห่งชาติ (การสำรวจภาวะเศรษฐกิจและสังคมของครัวเรือน พ.ศ. 2568, ตาราง ค.1)",203494.0,2.9
2568,นครราชสีมา,ค่าใช้จ่ายทั้งสิ้นต่อเดือน,รวมทั้งสิ้น,รวมทั้งสิ้น,21058.0,บาท,,"สำนักงานสถิติแห่งชาติ (การสำรวจภาวะเศรษฐกิจและสังคมของครัวเรือน พ.ศ. 2568, ตาราง ค.1)",868195.0,2.9
2568,นครราชสีมา,รายได้ทั้งสิ้นต่อเดือน,รวมทั้งสิ้น,รวมทั้งสิ้น,27515.0,บาท,,"สำนักงานสถิติแห่งชาติ (การสำรวจภาวะเศรษฐกิจและสังคมของครัวเรือน พ.ศ. 2568, ตาราง ค.1)",868195.0,2.9
2568,นครราชสีมา,ร้อยละของค่าใช้จ่ายต่อรายได้,รวมทั้งสิ้น,รวมทั้งสิ้น,76.5328002907505,ร้อยละ,คำนวณจากค่าใช้จ่ายทั้งสิ้นต่อเดือนหารด้วยรายได้ทั้งสิ้นต่อเดือน × 100,"สำนักงานสถิติแห่งชาติ (การสำรวจภาวะเศรษฐกิจและสังคมของครัวเรือน พ.ศ. 2568, ตาราง ค.1)",868195.0,2.9
2568,นครราชสีมา,หนี้สินเฉลี่ยต่อครัวเรือนทั้งสิ้น,รวมทั้งสิ้น,รวมทั้งสิ้น,254431.0,บาท,,"สำนักงานสถิติแห่งชาติ (การสำรวจภาวะเศรษฐกิจและสังคมของครัวเรือน พ.ศ. 2568, ตาราง ค.1)",868195.0,2.9
2568,นครศรีธรรมราช,ค่าใช้จ่ายทั้งสิ้นต่อเดือน,รวมทั้งสิ้น,รวมทั้งสิ้น,22468.0,บาท,,"สำนักงานสถิติแห่งชาติ (การสำรวจภาวะเศรษฐกิจและสังคมของครัวเรือน พ.ศ. 2568, ตาราง ค.1)",519574.0,2.8
2568,นครศรีธรรมราช,รายได้ทั้งสิ้นต่อเดือน,รวมทั้งสิ้น,รวมทั้งสิ้น,35405.0,บาท,,"สำนักงานสถิติแห่งชาติ (การสำรวจภาวะเศรษฐกิจและสังคมของครัวเรือน พ.ศ. 2568, ตาราง ค.1)",519574.0,2.8
2568,นครศรีธรรมราช,ร้อยละของค่าใช้จ่ายต่อรายได้,รวมทั้งสิ้น,รวมทั้งสิ้น,63.459963282022315,ร้อยละ,คำนวณจากค่าใช้จ่ายทั้งสิ้นต่อเดือนหารด้วยรายได้ทั้งสิ้นต่อเดือน × 100,"สำนักงานสถิติแห่งชาติ (การสำรวจภาวะเศรษฐกิจและสังคมของครัวเรือน พ.ศ. 2568, ตาราง ค.1)",519574.0,2.8
2568,นครศรีธรรมราช,หนี้สินเฉลี่ยต่อครัวเรือนทั้งสิ้น,รวมทั้งสิ้น,รวมทั้งสิ้น,236706.0,บาท,,"สำนักงานสถิติแห่งชาติ (การสำรวจภาวะเศรษฐกิจและสังคมของครัวเรือน พ.ศ. 2568, ตาราง ค.1)",519574.0,2.8
2568,นครสวรรค์,ค่าใช้จ่ายทั้งสิ้นต่อเดือน,รวมทั้งสิ้น,รวมทั้งสิ้น,17777.0,บาท,,"สำนักงานสถิติแห่งชาติ (การสำรวจภาวะเศรษฐกิจและสังคมของครัวเรือน พ.ศ. 2568, ตาราง ค.1)",328166.0,2.5
2568,นครสวรรค์,รายได้ทั้งสิ้นต่อเดือน,รวมทั้งสิ้น,รวมทั้งสิ้น,24111.0,บาท,,"สำนักงานสถิติแห่งชาติ (การสำรวจภาวะเศรษฐกิจและสังคมของครัวเรือน พ.ศ. 2568, ตาราง ค.1)",328166.0,2.5
2568,นครสวรรค์,ร้อยละของค่าใช้จ่ายต่อรายได้,รวมทั้งสิ้น,รวมทั้งสิ้น,73.72983285637261,ร้อยละ,คำนวณจากค่าใช้จ่ายทั้งสิ้นต่อเดือนหารด้วยรายได้ทั้งสิ้นต่อเดือน × 100,"สำนักงานสถิติแห่งชาติ (การสำรวจภาวะเศรษฐกิจและสังคมของครัวเรือน พ.ศ. 2568, ตาราง ค.1)",328166.0,2.5
2568,นครสวรรค์,หนี้สินเฉลี่ยต่อครัวเรือนทั้งสิ้น,รวมทั้งสิ้น,รวมทั้งสิ้น,176147.0,บาท,,"สำนักงานสถิติแห่งชาติ (การสำรวจภาวะเศรษฐกิจและสังคมของครัวเรือน พ.ศ. 2568, ตาราง ค.1)",328166.0,2.5
2568,นนทบุรี,ค่าใช้จ่ายทั้งสิ้นต่อเดือน,รวมทั้งสิ้น,รวมทั้งสิ้น,27406.0,บาท,,"สำนักงานสถิติแห่งชาติ (การสำรวจภาวะเศรษฐกิจและสังคมของครัวเรือน พ.ศ. 2568, ตาราง ค.1)",777218.0,2.1
2568,นนทบุรี,รายได้ทั้งสิ้นต่อเดือน,รวมทั้งสิ้น,รวมทั้งสิ้น,33488.0,บาท,,"สำนักงานสถิติแห่งชาติ (การสำรวจภาวะเศรษฐกิจและสังคมของครัวเรือน พ.ศ. 2568, ตาราง ค.1)",777218.0,2.1
2568,นนทบุรี,ร้อยละของค่าใช้จ่ายต่อรายได้,รวมทั้งสิ้น,รวมทั้งสิ้น,81.83827042522694,ร้อยละ,คำนวณจากค่าใช้จ่ายทั้งสิ้นต่อเดือนหารด้วยรายได้ทั้งสิ้นต่อเดือน × 100,"สำนักงานสถิติแห่งชาติ (การสำรวจภาวะเศรษฐกิจและสังคมของครัวเรือน พ.ศ. 2568, ตาราง ค.1)",777218.0,2.1
2568,นนทบุรี,หนี้สินเฉลี่ยต่อครัวเรือนทั้งสิ้น,รวมทั้งสิ้น,รวมทั้งสิ้น,148438.0,บาท,,"สำนักงานสถิติแห่งชาติ (การสำรวจภาวะเศรษฐกิจและสังคมของครัวเรือน พ.ศ. 2568, ตาราง ค.1)",777218.0,2.1
2568,นราธิวาส,ค่าใช้จ่ายทั้งสิ้นต่อเดือน,รวมทั้งสิ้น,รวมทั้งสิ้น,18456.0,บาท,,"สำนักงานสถิติแห่งชาติ (การสำรวจภาวะเศรษฐกิจและสังคมของครัวเรือน พ.ศ. 2568, ตาราง ค.1)",193775.0,3.1
2568,นราธิวาส,รายได้ทั้งสิ้นต่อเดือน,รวมทั้งสิ้น,รวมทั้งสิ้น,23548.0,บาท,,"สำนักงานสถิติแห่งชาติ (การสำรวจภาวะเศรษฐกิจและสังคมของครัวเรือน พ.ศ. 2568, ตาราง ค.1)",193775.0,3.1
2568,นราธิวาส,ร้อยละของค่าใช้จ่ายต่อรายได้,รวมทั้งสิ้น,รวมทั้งสิ้น,78.37608289451333,ร้อยละ,คำนวณจากค่าใช้จ่ายทั้งสิ้นต่อเดือนหารด้วยรายได้ทั้งสิ้นต่อเดือน × 100,"สำนักงานสถิติแห่งชาติ (การสำรวจภาวะเศรษฐกิจและสังคมของครัวเรือน พ.ศ. 2568, ตาราง ค.1)",193775.0,3.1
2568,นราธิวาส,หนี้สินเฉลี่ยต่อครัวเรือนทั้งสิ้น,รวมทั้งสิ้น,รวมทั้งสิ้น,41847.0,บาท,,"สำนักงานสถิติแห่งชาติ (การสำรวจภาวะเศรษฐกิจและสังคมของครัวเรือน พ.ศ. 2568, ตาราง ค.1)",193775.0,3.1
2568,น่าน,ค่าใช้จ่ายทั้งสิ้นต่อเดือน,รวมทั้งสิ้น,รวมทั้งสิ้น,18355.0,บาท,,"สำนักงานสถิติแห่งชาติ (การสำรวจภาวะเศรษฐกิจและสังคมของครัวเรือน พ.ศ. 2568, ตาราง ค.1)",158369.0,2.6
2568,น่าน,รายได้ทั้งสิ้นต่อเดือน,รวมทั้งสิ้น,รวมทั้งสิ้น,23904.0,บาท,,"สำนักงานสถิติแห่งชาติ (การสำรวจภาวะเศรษฐกิจและสังคมของครัวเรือน พ.ศ. 2568, ตาราง ค.1)",158369.0,2.6
2568,น่าน,ร้อยละของค่าใช้จ่ายต่อรายได้,รวมทั้งสิ้น,รวมทั้งสิ้น,76.78631191432396,ร้อยละ,คำนวณจากค่าใช้จ่ายทั้งสิ้นต่อเดือนหารด้วยรายได้ทั้งสิ้นต่อเดือน × 100,"สำนักงานสถิติแห่งชาติ (การสำรวจภาวะเศรษฐกิจและสังคมของครัวเรือน พ.ศ. 2568, ตาราง ค.1)",158369.0,2.6
2568,น่าน,หนี้สินเฉลี่ยต่อครัวเรือนทั้งสิ้น,รวมทั้งสิ้น,รวมทั้งสิ้น,167425.0,บาท,,"สำนักงานสถิติแห่งชาติ (การสำรวจภาวะเศรษฐกิจและสังคมของครัวเรือน พ.ศ. 2568, ตาราง ค.1)",158369.0,2.6
2568,บึงกาฬ,ค่าใช้จ่ายทั้งสิ้นต่อเดือน,รวมทั้งสิ้น,รวมทั้งสิ้น,19399.0,บาท,,"สำนักงานสถิติแห่งชาติ (การสำรวจภาวะเศรษฐกิจและสังคมของครัวเรือน พ.ศ. 2568, ตาราง ค.1)",109822.0,2.7
2568,บึงกาฬ,รายได้ทั้งสิ้นต่อเดือน,รวมทั้งสิ้น,รวมทั้งสิ้น,23124.0,บาท,,"สำนักงานสถิติแห่งชาติ (การสำรวจภาวะเศรษฐกิจและสังคมของครัวเรือน พ.ศ. 2568, ตาราง ค.1)",109822.0,2.7
2568,บึงกาฬ,ร้อยละของค่าใช้จ่ายต่อรายได้,รวมทั้งสิ้น,รวมทั้งสิ้น,83.89119529493168,ร้อยละ,คำนวณจากค่าใช้จ่ายทั้งสิ้นต่อเดือนหารด้วยรายได้ทั้งสิ้นต่อเดือน × 100,"สำนักงานสถิติแห่งชาติ (การสำรวจภาวะเศรษฐกิจและสังคมของครัวเรือน พ.ศ. 2568, ตาราง ค.1)",109822.0,2.7
2568,บึงกาฬ,หนี้สินเฉลี่ยต่อครัวเรือนทั้งสิ้น,รวมทั้งสิ้น,รวมทั้งสิ้น,120259.0,บาท,,"สำนักงานสถิติแห่งชาติ (การสำรวจภาวะเศรษฐกิจและสังคมของครัวเรือน พ.ศ. 2568, ตาราง ค.1)",109822.0,2.7
2568,บุรีรัมย์,ค่าใช้จ่ายทั้งสิ้นต่อเดือน,รวมทั้งสิ้น,รวมทั้งสิ้น,17964.0,บาท,,"สำนักงานสถิติแห่งชาติ (การสำรวจภาวะเศรษฐกิจและสังคมของครัวเรือน พ.ศ. 2568, ตาราง ค.1)",415719.0,2.8
2568,บุรีรัมย์,รายได้ทั้งสิ้นต่อเดือน,รวมทั้งสิ้น,รวมทั้งสิ้น,21219.0,บาท,,"สำนักงานสถิติแห่งชาติ (การสำรวจภาวะเศรษฐกิจและสังคมของครัวเรือน พ.ศ. 2568, ตาราง ค.1)",415719.0,2.8
2568,บุรีรัมย์,ร้อยละของค่าใช้จ่ายต่อรายได้,รวมทั้งสิ้น,รวมทั้งสิ้น,84.65997455110985,ร้อยละ,คำนวณจากค่าใช้จ่ายทั้งสิ้นต่อเดือนหารด้วยรายได้ทั้งสิ้นต่อเดือน × 100,"สำนักงานสถิติแห่งชาติ (การสำรวจภาวะเศรษฐกิจและสังคมของครัวเรือน พ.ศ. 2568, ตาราง ค.1)",415719.0,2.8
2568,บุรีรัมย์,หนี้สินเฉลี่ยต่อครัวเรือนทั้งสิ้น,รวมทั้งสิ้น,รวมทั้งสิ้น,107745.0,บาท,,"สำนักงานสถิติแห่งชาติ (การสำรวจภาวะเศรษฐกิจและสังคมของครัวเรือน พ.ศ. 2568, ตาราง ค.1)",415719.0,2.8
2568,ปทุมธานี,ค่าใช้จ่ายทั้งสิ้นต่อเดือน,รวมทั้งสิ้น,รวมทั้งสิ้น,32560.0,บาท,,"สำนักงานสถิติแห่งชาติ (การสำรวจภาวะเศรษฐกิจและสังคมของครัวเรือน พ.ศ. 2568, ตาราง ค.1)",652673.0,2.5
2568,ปทุมธานี,รายได้ทั้งสิ้นต่อเดือน,รวมทั้งสิ้น,รวมทั้งสิ้น,39646.0,บาท,,"สำนักงานสถิติแห่งชาติ (การสำรวจภาวะเศรษฐกิจและสังคมของครัวเรือน พ.ศ. 2568, ตาราง ค.1)",652673.0,2.5
2568,ปทุมธานี,ร้อยละของค่าใช้จ่ายต่อรายได้,รวมทั้งสิ้น,รวมทั้งสิ้น,82.1268223780457,ร้อยละ,คำนวณจากค่าใช้จ่ายทั้งสิ้นต่อเดือนหารด้วยรายได้ทั้งสิ้นต่อเดือน × 100,"สำนักงานสถิติแห่งชาติ (การสำรวจภาวะเศรษฐกิจและสังคมของครัวเรือน พ.ศ. 2568, ตาราง ค.1)",652673.0,2.5
2568,ปทุมธานี,หนี้สินเฉลี่ยต่อครัวเรือนทั้งสิ้น,รวมทั้งสิ้น,รวมทั้งสิ้น,302438.0,บาท,,"สำนักงานสถิติแห่งชาติ (การสำรวจภาวะเศรษฐกิจและสังคมของครัวเรือน พ.ศ. 2568, ตาราง ค.1)",652673.0,2.5
2568,ประจวบคีรีขันธ์,ค่าใช้จ่ายทั้งสิ้นต่อเดือน,รวมทั้งสิ้น,รวมทั้งสิ้น,20464.0,บาท,,"สำนักงานสถิติแห่งชาติ (การสำรวจภาวะเศรษฐกิจและสังคมของครัวเรือน พ.ศ. 2568, ตาราง ค.1)",171834.0,2.7
2568,ประจวบคีรีขันธ์,รายได้ทั้งสิ้นต่อเดือน,รวมทั้งสิ้น,รวมทั้งสิ้น,26136.0,บาท,,"สำนักงานสถิติแห่งชาติ (การสำรวจภาวะเศรษฐกิจและสังคมของครัวเรือน พ.ศ. 2568, ตาราง ค.1)",171834.0,2.7
2568,ประจวบคีรีขันธ์,ร้อยละของค่าใช้จ่ายต่อรายได้,รวมทั้งสิ้น,รวมทั้งสิ้น,78.29813284358738,ร้อยละ,คำนวณจากค่าใช้จ่ายทั้งสิ้นต่อเดือนหารด้วยรายได้ทั้งสิ้นต่อเดือน × 100,"สำนักงานสถิติแห่งชาติ (การสำรวจภาวะเศรษฐกิจและสังคมของครัวเรือน พ.ศ. 2568, ตาราง ค.1)",171834.0,2.7
2568,ประจวบคีรีขันธ์,หนี้สินเฉลี่ยต่อครัวเรือนทั้งสิ้น,รวมทั้งสิ้น,รวมทั้งสิ้น,80256.0,บาท,,"สำนักงานสถิติแห่งชาติ (การสำรวจภาวะเศรษฐกิจและสังคมของครัวเรือน พ.ศ. 2568, ตาราง ค.1)",171834.0,2.7
2568,ปราจีนบุรี,ค่าใช้จ่ายทั้งสิ้นต่อเดือน,รวมทั้งสิ้น,รวมทั้งสิ้น,20473.0,บาท,,"สำนักงานสถิติแห่งชาติ (การสำรวจภาวะเศรษฐกิจและสังคมของครัวเรือน พ.ศ. 2568, ตาราง ค.1)",288827.0,2.0
2568,ปราจีนบุรี,รายได้ทั้งสิ้นต่อเดือน,รวมทั้งสิ้น,รวมทั้งสิ้น,24806.0,บาท,,"สำนักงานสถิติแห่งชาติ (การสำรวจภาวะเศรษฐกิจและสังคมของครัวเรือน พ.ศ. 2568, ตาราง ค.1)",288827.0,2.0
2568,ปราจีนบุรี,ร้อยละของค่าใช้จ่ายต่อรายได้,รวมทั้งสิ้น,รวมทั้งสิ้น,82.53245182617108,ร้อยละ,คำนวณจากค่าใช้จ่ายทั้งสิ้นต่อเดือนหารด้วยรายได้ทั้งสิ้นต่อเดือน × 100,"สำนักงานสถิติแห่งชาติ (การสำรวจภาวะเศรษฐกิจและสังคมของครัวเรือน พ.ศ. 2568, ตาราง ค.1)",288827.0,2.0
2568,ปราจีนบุรี,หนี้สินเฉลี่ยต่อครัวเรือนทั้งสิ้น,รวมทั้งสิ้น,รวมทั้งสิ้น,121821.0,บาท,,"สำนักงานสถิติแห่งชาติ (การสำรวจภาวะเศรษฐกิจและสังคมของครัวเรือน พ.ศ. 2568, ตาราง ค.1)",288827.0,2.0
2568,ปัตตานี,ค่าใช้จ่ายทั้งสิ้นต่อเดือน,รวมทั้งสิ้น,รวมทั้งสิ้น,17005.0,บาท,,"สำนักงานสถิติแห่งชาติ (การสำรวจภาวะเศรษฐกิจและสังคมของครัวเรือน พ.ศ. 2568, ตาราง ค.1)",173934.0,3.3
2568,ปัตตานี,รายได้ทั้งสิ้นต่อเดือน,รวมทั้งสิ้น,รวมทั้งสิ้น,22482.0,บาท,,"สำนักงานสถิติแห่งชาติ (การสำรวจภาวะเศรษฐกิจและสังคมของครัวเรือน พ.ศ. 2568, ตาราง ค.1)",173934.0,3.3
2568,ปัตตานี,ร้อยละของค่าใช้จ่ายต่อรายได้,รวมทั้งสิ้น,รวมทั้งสิ้น,75.63828840850458,ร้อยละ,คำนวณจากค่าใช้จ่ายทั้งสิ้นต่อเดือนหารด้วยรายได้ทั้งสิ้นต่อเดือน × 100,"สำนักงานสถิติแห่งชาติ (การสำรวจภาวะเศรษฐกิจและสังคมของครัวเรือน พ.ศ. 2568, ตาราง ค.1)",173934.0,3.3
2568,ปัตตานี,หนี้สินเฉลี่ยต่อครัวเรือนทั้งสิ้น,รวมทั้งสิ้น,รวมทั้งสิ้น,105721.0,บาท,,"สำนักงานสถิติแห่งชาติ (การสำรวจภาวะเศรษฐกิจและสังคมของครัวเรือน พ.ศ. 2568, ตาราง ค.1)",173934.0,3.3
2568,พระนครศรีอยุธยา,ค่าใช้จ่ายทั้งสิ้นต่อเดือน,รวมทั้งสิ้น,รวมทั้งสิ้น,24848.0,บาท,,"สำนักงานสถิติแห่งชาติ (การสำรวจภาวะเศรษฐกิจและสังคมของครัวเรือน พ.ศ. 2568, ตาราง ค.1)",331114.0,2.6
2568,พระนครศรีอยุธยา,รายได้ทั้งสิ้นต่อเดือน,รวมทั้งสิ้น,รวมทั้งสิ้น,30922.0,บาท,,"สำนักงานสถิติแห่งชาติ (การสำรวจภาวะเศรษฐกิจและสังคมของครัวเรือน พ.ศ. 2568, ตาราง ค.1)",331114.0,2.6
2568,พระนครศรีอยุธยา,ร้อยละของค่าใช้จ่ายต่อรายได้,รวมทั้งสิ้น,รวมทั้งสิ้น,80.35702735916176,ร้อยละ,คำนวณจากค่าใช้จ่ายทั้งสิ้นต่อเดือนหารด้วยรายได้ทั้งสิ้นต่อเดือน × 100,"สำนักงานสถิติแห่งชาติ (การสำรวจภาวะเศรษฐกิจและสังคมของครัวเรือน พ.ศ. 2568, ตาราง ค.1)",331114.0,2.6
2568,พระนครศรีอยุธยา,หนี้สินเฉลี่ยต่อครัวเรือนทั้งสิ้น,รวมทั้งสิ้น,รวมทั้งสิ้น,245335.0,บาท,,"สำนักงานสถิติแห่งชาติ (การสำรวจภาวะเศรษฐกิจและสังคมของครัวเรือน พ.ศ. 2568, ตาราง ค.1)",331114.0,2.6
2568,พะเยา,ค่าใช้จ่ายทั้งสิ้นต่อเดือน,รวมทั้งสิ้น,รวมทั้งสิ้น,13770.0,บาท,,"สำนักงานสถิติแห่งชาติ (การสำรวจภาวะเศรษฐกิจและสังคมของครัวเรือน พ.ศ. 2568, ตาราง ค.1)",141201.0,2.3
2568,พะเยา,รายได้ทั้งสิ้นต่อเดือน,รวมทั้งสิ้น,รวมทั้งสิ้น,17868.0,บาท,,"สำนักงานสถิติแห่งชาติ (การสำรวจภาวะเศรษฐกิจและสังคมของครัวเรือน พ.ศ. 2568, ตาราง ค.1)",141201.0,2.3
2568,พะเยา,ร้อยละของค่าใช้จ่ายต่อรายได้,รวมทั้งสิ้น,รวมทั้งสิ้น,77.06514439220953,ร้อยละ,คำนวณจากค่าใช้จ่ายทั้งสิ้นต่อเดือนหารด้วยรายได้ทั้งสิ้นต่อเดือน × 100,"สำนักงานสถิติแห่งชาติ (การสำรวจภาวะเศรษฐกิจและสังคมของครัวเรือน พ.ศ. 2568, ตาราง ค.1)",141201.0,2.3
2568,พะเยา,หนี้สินเฉลี่ยต่อครัวเรือนทั้งสิ้น,รวมทั้งสิ้น,รวมทั้งสิ้น,109994.0,บาท,,"สำนักงานสถิติแห่งชาติ (การสำรวจภาวะเศรษฐกิจและสังคมของครัวเรือน พ.ศ. 2568, ตาราง ค.1)",141201.0,2.3
2568,พังงา,ค่าใช้จ่ายทั้งสิ้นต่อเดือน,รวมทั้งสิ้น,รวมทั้งสิ้น,20576.0,บาท,,"สำนักงานสถิติแห่งชาติ (การสำรวจภาวะเศรษฐกิจและสังคมของครัวเรือน พ.ศ. 2568, ตาราง ค.1)",81459.0,2.4
2568,พังงา,รายได้ทั้งสิ้นต่อเดือน,รวมทั้งสิ้น,รวมทั้งสิ้น,25627.0,บาท,,"สำนักงานสถิติแห่งชาติ (การสำรวจภาวะเศรษฐกิจและสังคมของครัวเรือน พ.ศ. 2568, ตาราง ค.1)",81459.0,2.4
2568,พังงา,ร้อยละของค่าใช้จ่ายต่อรายได้,รวมทั้งสิ้น,รวมทั้งสิ้น,80.29031880438599,ร้อยละ,คำนวณจากค่าใช้จ่ายทั้งสิ้นต่อเดือนหารด้วยรายได้ทั้งสิ้นต่อเดือน × 100,"สำนักงานสถิติแห่งชาติ (การสำรวจภาวะเศรษฐกิจและสังคมของครัวเรือน พ.ศ. 2568, ตาราง ค.1)",81459.0,2.4
2568,พังงา,หนี้สินเฉลี่ยต่อครัวเรือนทั้งสิ้น,รวมทั้งสิ้น,รวมทั้งสิ้น,47507.0,บาท,,"สำนักงานสถิติแห่งชาติ (การสำรวจภาวะเศรษฐกิจและสังคมของครัวเรือน พ.ศ. 2568, ตาราง ค.1)",81459.0,2.4
2568,พัทลุง,ค่าใช้จ่ายทั้งสิ้นต่อเดือน,รวมทั้งสิ้น,รวมทั้งสิ้น,19061.0,บาท,,"สำนักงานสถิติแห่งชาติ (การสำรวจภาวะเศรษฐกิจและสังคมของครัวเรือน พ.ศ. 2568, ตาราง ค.1)",167912.0,2.7
2568,พัทลุง,รายได้ทั้งสิ้นต่อเดือน,รวมทั้งสิ้น,รวมทั้งสิ้น,25046.0,บาท,,"สำนักงานสถิติแห่งชาติ (การสำรวจภาวะเศรษฐกิจและสังคมของครัวเรือน พ.ศ. 2568, ตาราง ค.1)",167912.0,2.7
2568,พัทลุง,ร้อยละของค่าใช้จ่ายต่อรายได้,รวมทั้งสิ้น,รวมทั้งสิ้น,76.10396869759643,ร้อยละ,คำนวณจากค่าใช้จ่ายทั้งสิ้นต่อเดือนหารด้วยรายได้ทั้งสิ้นต่อเดือน × 100,"สำนักงานสถิติแห่งชาติ (การสำรวจภาวะเศรษฐกิจและสังคมของครัวเรือน พ.ศ. 2568, ตาราง ค.1)",167912.0,2.7
2568,พัทลุง,หนี้สินเฉลี่ยต่อครัวเรือนทั้งสิ้น,รวมทั้งสิ้น,รวมทั้งสิ้น,206128.0,บาท,,"สำนักงานสถิติแห่งชาติ (การสำรวจภาวะเศรษฐกิจและสังคมของครัวเรือน พ.ศ. 2568, ตาราง ค.1)",167912.0,2.7
2568,พิจิตร,ค่าใช้จ่ายทั้งสิ้นต่อเดือน,รวมทั้งสิ้น,รวมทั้งสิ้น,19684.0,บาท,,"สำนักงานสถิติแห่งชาติ (การสำรวจภาวะเศรษฐกิจและสังคมของครัวเรือน พ.ศ. 2568, ตาราง ค.1)",182700.0,2.7
2568,พิจิตร,รายได้ทั้งสิ้นต่อเดือน,รวมทั้งสิ้น,รวมทั้งสิ้น,24549.0,บาท,,"สำนักงานสถิติแห่งชาติ (การสำรวจภาวะเศรษฐกิจและสังคมของครัวเรือน พ.ศ. 2568, ตาราง ค.1)",182700.0,2.7
2568,พิจิตร,ร้อยละของค่าใช้จ่ายต่อรายได้,รวมทั้งสิ้น,รวมทั้งสิ้น,80.18249215854006,ร้อยละ,คำนวณจากค่าใช้จ่ายทั้งสิ้นต่อเดือนหารด้วยรายได้ทั้งสิ้นต่อเดือน × 100,"สำนักงานสถิติแห่งชาติ (การสำรวจภาวะเศรษฐกิจและสังคมของครัวเรือน พ.ศ. 2568, ตาราง ค.1)",182700.0,2.7
2568,พิจิตร,หนี้สินเฉลี่ยต่อครัวเรือนทั้งสิ้น,รวมทั้งสิ้น,รวมทั้งสิ้น,149502.0,บาท,,"สำนักงานสถิติแห่งชาติ (การสำรวจภาวะเศรษฐกิจและสังคมของครัวเรือน พ.ศ. 2568, ตาราง ค.1)",182700.0,2.7
2568,พิษณุโลก,ค่าใช้จ่ายทั้งสิ้นต่อเดือน,รวมทั้งสิ้น,รวมทั้งสิ้น,19891.0,บาท,,"สำนักงานสถิติแห่งชาติ (การสำรวจภาวะเศรษฐกิจและสังคมของครัวเรือน พ.ศ. 2568, ตาราง ค.1)",327469.0,2.6
2568,พิษณุโลก,รายได้ทั้งสิ้นต่อเดือน,รวมทั้งสิ้น,รวมทั้งสิ้น,22908.0,บาท,,"สำนักงานสถิติแห่งชาติ (การสำรวจภาวะเศรษฐกิจและสังคมของครัวเรือน พ.ศ. 2568, ตาราง ค.1)",327469.0,2.6
2568,พิษณุโลก,ร้อยละของค่าใช้จ่ายต่อรายได้,รวมทั้งสิ้น,รวมทั้งสิ้น,86.82992840928934,ร้อยละ,คำนวณจากค่าใช้จ่ายทั้งสิ้นต่อเดือนหารด้วยรายได้ทั้งสิ้นต่อเดือน × 100,"สำนักงานสถิติแห่งชาติ (การสำรวจภาวะเศรษฐกิจและสังคมของครัวเรือน พ.ศ. 2568, ตาราง ค.1)",327469.0,2.6
2568,พิษณุโลก,หนี้สินเฉลี่ยต่อครัวเรือนทั้งสิ้น,รวมทั้งสิ้น,รวมทั้งสิ้น,287822.0,บาท,,"สำนักงานสถิติแห่งชาติ (การสำรวจภาวะเศรษฐกิจและสังคมของครัวเรือน พ.ศ. 2568, ตาราง ค.1)",327469.0,2.6
2568,ภูเก็ต,ค่าใช้จ่ายทั้งสิ้นต่อเดือน,รวมทั้งสิ้น,รวมทั้งสิ้น,34215.0,บาท,,"สำนักงานสถิติแห่งชาติ (การสำรวจภาวะเศรษฐกิจและสังคมของครัวเรือน พ.ศ. 2568, ตาราง ค.1)",207020.0,2.4
2568,ภูเก็ต,รายได้ทั้งสิ้นต่อเดือน,รวมทั้งสิ้น,รวมทั้งสิ้น,40083.0,บาท,,"สำนักงานสถิติแห่งชาติ (การสำรวจภาวะเศรษฐกิจและสังคมของครัวเรือน พ.ศ. 2568, ตาราง ค.1)",207020.0,2.4
2568,ภูเก็ต,ร้อยละของค่าใช้จ่ายต่อรายได้,รวมทั้งสิ้น,รวมทั้งสิ้น,85.36037721727415,ร้อยละ,คำนวณจากค่าใช้จ่ายทั้งสิ้นต่อเดือนหารด้วยรายได้ทั้งสิ้นต่อเดือน × 100,"สำนักงานสถิติแห่งชาติ (การสำรวจภาวะเศรษฐกิจและสังคมของครัวเรือน พ.ศ. 2568, ตาราง ค.1)",207020.0,2.4
2568,ภูเก็ต,หนี้สินเฉลี่ยต่อครัวเรือนทั้งสิ้น,รวมทั้งสิ้น,รวมทั้งสิ้น,286743.0,บาท,,"สำนักงานสถิติแห่งชาติ (การสำรวจภาวะเศรษฐกิจและสังคมของครัวเรือน พ.ศ. 2568, ตาราง ค.1)",207020.0,2.4
2568,มหาสารคาม,ค่าใช้จ่ายทั้งสิ้นต่อเดือน,รวมทั้งสิ้น,รวมทั้งสิ้น,17923.0,บาท,,"สำนักงานสถิติแห่งชาติ (การสำรวจภาวะเศรษฐกิจและสังคมของครัวเรือน พ.ศ. 2568, ตาราง ค.1)",279546.0,2.4
2568,มหาสารคาม,รายได้ทั้งสิ้นต่อเดือน,รวมทั้งสิ้น,รวมทั้งสิ้น,21185.0,บาท,,"สำนักงานสถิติแห่งชาติ (การสำรวจภาวะเศรษฐกิจและสังคมของครัวเรือน พ.ศ. 2568, ตาราง ค.1)",279546.0,2.4
2568,มหาสารคาม,ร้อยละของค่าใช้จ่ายต่อรายได้,รวมทั้งสิ้น,รวมทั้งสิ้น,84.6023129572811,ร้อยละ,คำนวณจากค่าใช้จ่ายทั้งสิ้นต่อเดือนหารด้วยรายได้ทั้งสิ้นต่อเดือน × 100,"สำนักงานสถิติแห่งชาติ (การสำรวจภาวะเศรษฐกิจและสังคมของครัวเรือน พ.ศ. 2568, ตาราง ค.1)",279546.0,2.4
2568,มหาสารคาม,หนี้สินเฉลี่ยต่อครัวเรือนทั้งสิ้น,รวมทั้งสิ้น,รวมทั้งสิ้น,145579.0,บาท,,"สำนักงานสถิติแห่งชาติ (การสำรวจภาวะเศรษฐกิจและสังคมของครัวเรือน พ.ศ. 2568, ตาราง ค.1)",279546.0,2.4
2568,มุกดาหาร,ค่าใช้จ่ายทั้งสิ้นต่อเดือน,รวมทั้งสิ้น,รวมทั้งสิ้น,18504.0,บาท,,"สำนักงานสถิติแห่งชาติ (การสำรวจภาวะเศรษฐกิจและสังคมของครัวเรือน พ.ศ. 2568, ตาราง ค.1)",149155.0,2.7
2568,มุกดาหาร,รายได้ทั้งสิ้นต่อเดือน,รวมทั้งสิ้น,รวมทั้งสิ้น,21932.0,บาท,,"สำนักงานสถิติแห่งชาติ (การสำรวจภาวะเศรษฐกิจและสังคมของครัวเรือน พ.ศ. 2568, ตาราง ค.1)",149155.0,2.7
2568,มุกดาหาร,ร้อยละของค่าใช้จ่ายต่อรายได้,รวมทั้งสิ้น,รวมทั้งสิ้น,84.36987050884552,ร้อยละ,คำนวณจากค่าใช้จ่ายทั้งสิ้นต่อเดือนหารด้วยรายได้ทั้งสิ้นต่อเดือน × 100,"สำนักงานสถิติแห่งชาติ (การสำรวจภาวะเศรษฐกิจและสังคมของครัวเรือน พ.ศ. 2568, ตาราง ค.1)",149155.0,2.7
2568,มุกดาหาร,หนี้สินเฉลี่ยต่อครัวเรือนทั้งสิ้น,รวมทั้งสิ้น,รวมทั้งสิ้น,150444.0,บาท,,"สำนักงานสถิติแห่งชาติ (การสำรวจภาวะเศรษฐกิจและสังคมของครัวเรือน พ.ศ. 2568, ตาราง ค.1)",149155.0,2.7
2568,ยะลา,ค่าใช้จ่ายทั้งสิ้นต่อเดือน,รวมทั้งสิ้น,รวมทั้งสิ้น,15634.0,บาท,,"สำนักงานสถิติแห่งชาติ (การสำรวจภาวะเศรษฐกิจและสังคมของครัวเรือน พ.ศ. 2568, ตาราง ค.1)",146921.0,2.9
2568,ยะลา,รายได้ทั้งสิ้นต่อเดือน,รวมทั้งสิ้น,รวมทั้งสิ้น,19895.0,บาท,,"สำนักงานสถิติแห่งชาติ (การสำรวจภาวะเศรษฐกิจและสังคมของครัวเรือน พ.ศ. 2568, ตาราง ค.1)",146921.0,2.9
2568,ยะลา,ร้อยละของค่าใช้จ่ายต่อรายได้,รวมทั้งสิ้น,รวมทั้งสิ้น,78.58255843176678,ร้อยละ,คำนวณจากค่าใช้จ่ายทั้งสิ้นต่อเดือนหารด้วยรายได้ทั้งสิ้นต่อเดือน × 100,"สำนักงานสถิติแห่งชาติ (การสำรวจภาวะเศรษฐกิจและสังคมของครัวเรือน พ.ศ. 2568, ตาราง ค.1)",146921.0,2.9
2568,ยะลา,หนี้สินเฉลี่ยต่อครัวเรือนทั้งสิ้น,รวมทั้งสิ้น,รวมทั้งสิ้น,68614.0,บาท,,"สำนักงานสถิติแห่งชาติ (การสำรวจภาวะเศรษฐกิจและสังคมของครัวเรือน พ.ศ. 2568, ตาราง ค.1)",146921.0,2.9
2568,ยโสธร,ค่าใช้จ่ายทั้งสิ้นต่อเดือน,รวมทั้งสิ้น,รวมทั้งสิ้น,16626.0,บาท,,"สำนักงานสถิติแห่งชาติ (การสำรวจภาวะเศรษฐกิจและสังคมของครัวเรือน พ.ศ. 2568, ตาราง ค.1)",148290.0,2.4
2568,ยโสธร,รายได้ทั้งสิ้นต่อเดือน,รวมทั้งสิ้น,รวมทั้งสิ้น,19569.0,บาท,,"สำนักงานสถิติแห่งชาติ (การสำรวจภาวะเศรษฐกิจและสังคมของครัวเรือน พ.ศ. 2568, ตาราง ค.1)",148290.0,2.4
2568,ยโสธร,ร้อยละของค่าใช้จ่ายต่อรายได้,รวมทั้งสิ้น,รวมทั้งสิ้น,84.96090755787215,ร้อยละ,คำนวณจากค่าใช้จ่ายทั้งสิ้นต่อเดือนหารด้วยรายได้ทั้งสิ้นต่อเดือน × 100,"สำนักงานสถิติแห่งชาติ (การสำรวจภาวะเศรษฐกิจและสังคมของครัวเรือน พ.ศ. 2568, ตาราง ค.1)",148290.0,2.4
2568,ยโสธร,หนี้สินเฉลี่ยต่อครัวเรือนทั้งสิ้น,รวมทั้งสิ้น,รวมทั้งสิ้น,110728.0,บาท,,"สำนักงานสถิติแห่งชาติ (การสำรวจภาวะเศรษฐกิจและสังคมของครัวเรือน พ.ศ. 2568, ตาราง ค.1)",148290.0,2.4
2568,ระนอง,ค่าใช้จ่ายทั้งสิ้นต่อเดือน,รวมทั้งสิ้น,รวมทั้งสิ้น,21225.0,บาท,,"สำนักงานสถิติแห่งชาติ (การสำรวจภาวะเศรษฐกิจและสังคมของครัวเรือน พ.ศ. 2568, ตาราง ค.1)",97827.0,2.9
2568,ระนอง,รายได้ทั้งสิ้นต่อเดือน,รวมทั้งสิ้น,รวมทั้งสิ้น,26527.0,บาท,,"สำนักงานสถิติแห่งชาติ (การสำรวจภาวะเศรษฐกิจและสังคมของครัวเรือน พ.ศ. 2568, ตาราง ค.1)",97827.0,2.9
2568,ระนอง,ร้อยละของค่าใช้จ่ายต่อรายได้,รวมทั้งสิ้น,รวมทั้งสิ้น,80.0128171297169,ร้อยละ,คำนวณจากค่าใช้จ่ายทั้งสิ้นต่อเดือนหารด้วยรายได้ทั้งสิ้นต่อเดือน × 100,"สำนักงานสถิติแห่งชาติ (การสำรวจภาวะเศรษฐกิจและสังคมของครัวเรือน พ.ศ. 2568, ตาราง ค.1)",97827.0,2.9
2568,ระนอง,หนี้สินเฉลี่ยต่อครัวเรือนทั้งสิ้น,รวมทั้งสิ้น,รวมทั้งสิ้น,137199.0,บาท,,"สำนักงานสถิติแห่งชาติ (การสำรวจภาวะเศรษฐกิจและสังคมของครัวเรือน พ.ศ. 2568, ตาราง ค.1)",97827.0,2.9
2568,ระยอง,ค่าใช้จ่ายทั้งสิ้นต่อเดือน,รวมทั้งสิ้น,รวมทั้งสิ้น,26549.0,บาท,,"สำนักงานสถิติแห่งชาติ (การสำรวจภาวะเศรษฐกิจและสังคมของครัวเรือน พ.ศ. 2568, ตาราง ค.1)",547128.0,1.8
2568,ระยอง,รายได้ทั้งสิ้นต่อเดือน,รวมทั้งสิ้น,รวมทั้งสิ้น,36235.0,บาท,,"สำนักงานสถิติแห่งชาติ (การสำรวจภาวะเศรษฐกิจและสังคมของครัวเรือน พ.ศ. 2568, ตาราง ค.1)",547128.0,1.8
2568,ระยอง,ร้อยละของค่าใช้จ่ายต่อรายได้,รวมทั้งสิ้น,รวมทั้งสิ้น,73.26893887125708,ร้อยละ,คำนวณจากค่าใช้จ่ายทั้งสิ้นต่อเดือนหารด้วยรายได้ทั้งสิ้นต่อเดือน × 100,"สำนักงานสถิติแห่งชาติ (การสำรวจภาวะเศรษฐกิจและสังคมของครัวเรือน พ.ศ. 2568, ตาราง ค.1)",547128.0,1.8
2568,ระยอง,หนี้สินเฉลี่ยต่อครัวเรือนทั้งสิ้น,รวมทั้งสิ้น,รวมทั้งสิ้น,224007.0,บาท,,"สำนักงานสถิติแห่งชาติ (การสำรวจภาวะเศรษฐกิจและสังคมของครัวเรือน พ.ศ. 2568, ตาราง ค.1)",547128.0,1.8
2568,ราชบุรี,ค่าใช้จ่ายทั้งสิ้นต่อเดือน,รวมทั้งสิ้น,รวมทั้งสิ้น,24143.0,บาท,,"สำนักงานสถิติแห่งชาติ (การสำรวจภาวะเศรษฐกิจและสังคมของครัวเรือน พ.ศ. 2568, ตาราง ค.1)",272791.0,2.7
2568,ราชบุรี,รายได้ทั้งสิ้นต่อเดือน,รวมทั้งสิ้น,รวมทั้งสิ้น,33174.0,บาท,,"สำนักงานสถิติแห่งชาติ (การสำรวจภาวะเศรษฐกิจและสังคมของครัวเรือน พ.ศ. 2568, ตาราง ค.1)",272791.0,2.7
2568,ราชบุรี,ร้อยละของค่าใช้จ่ายต่อรายได้,รวมทั้งสิ้น,รวมทั้งสิ้น,72.77687345511545,ร้อยละ,คำนวณจากค่าใช้จ่ายทั้งสิ้นต่อเดือนหารด้วยรายได้ทั้งสิ้นต่อเดือน × 100,"สำนักงานสถิติแห่งชาติ (การสำรวจภาวะเศรษฐกิจและสังคมของครัวเรือน พ.ศ. 2568, ตาราง ค.1)",272791.0,2.7
2568,ราชบุรี,หนี้สินเฉลี่ยต่อครัวเรือนทั้งสิ้น,รวมทั้งสิ้น,รวมทั้งสิ้น,192959.0,บาท,,"สำนักงานสถิติแห่งชาติ (การสำรวจภาวะเศรษฐกิจและสังคมของครัวเรือน พ.ศ. 2568, ตาราง ค.1)",272791.0,2.7
2568,ร้อยเอ็ด,ค่าใช้จ่ายทั้งสิ้นต่อเดือน,รวมทั้งสิ้น,รวมทั้งสิ้น,16231.0,บาท,,"สำนักงานสถิติแห่งชาติ (การสำรวจภาวะเศรษฐกิจและสังคมของครัวเรือน พ.ศ. 2568, ตาราง ค.1)",346433.0,2.5
2568,ร้อยเอ็ด,รายได้ทั้งสิ้นต่อเดือน,รวมทั้งสิ้น,รวมทั้งสิ้น,19361.0,บาท,,"สำนักงานสถิติแห่งชาติ (การสำรวจภาวะเศรษฐกิจและสังคมของครัวเรือน พ.ศ. 2568, ตาราง ค.1)",346433.0,2.5
2568,ร้อยเอ็ด,ร้อยละของค่าใช้จ่ายต่อรายได้,รวมทั้งสิ้น,รวมทั้งสิ้น,83.8334796756366,ร้อยละ,คำนวณจากค่าใช้จ่ายทั้งสิ้นต่อเดือนหารด้วยรายได้ทั้งสิ้นต่อเดือน × 100,"สำนักงานสถิติแห่งชาติ (การสำรวจภาวะเศรษฐกิจและสังคมของครัวเรือน พ.ศ. 2568, ตาราง ค.1)",346433.0,2.5
2568,ร้อยเอ็ด,หนี้สินเฉลี่ยต่อครัวเรือนทั้งสิ้น,รวมทั้งสิ้น,รวมทั้งสิ้น,128805.0,บาท,,"สำนักงานสถิติแห่งชาติ (การสำรวจภาวะเศรษฐกิจและสังคมของครัวเรือน พ.ศ. 2568, ตาราง ค.1)",346433.0,2.5
2568,ลพบุรี,ค่าใช้จ่ายทั้งสิ้นต่อเดือน,รวมทั้งสิ้น,รวมทั้งสิ้น,20067.0,บาท,,"สำนักงานสถิติแห่งชาติ (การสำรวจภาวะเศรษฐกิจและสังคมของครัวเรือน พ.ศ. 2568, ตาราง ค.1)",288024.0,2.6
2568,ลพบุรี,รายได้ทั้งสิ้นต่อเดือน,รวมทั้งสิ้น,รวมทั้งสิ้น,26382.0,บาท,,"สำนักงานสถิติแห่งชาติ (การสำรวจภาวะเศรษฐกิจและสังคมของครัวเรือน พ.ศ. 2568, ตาราง ค.1)",288024.0,2.6
2568,ลพบุรี,ร้อยละของค่าใช้จ่ายต่อรายได้,รวมทั้งสิ้น,รวมทั้งสิ้น,76.06322492608597,ร้อยละ,คำนวณจากค่าใช้จ่ายทั้งสิ้นต่อเดือนหารด้วยรายได้ทั้งสิ้นต่อเดือน × 100,"สำนักงานสถิติแห่งชาติ (การสำรวจภาวะเศรษฐกิจและสังคมของครัวเรือน พ.ศ. 2568, ตาราง ค.1)",288024.0,2.6
2568,ลพบุรี,หนี้สินเฉลี่ยต่อครัวเรือนทั้งสิ้น,รวมทั้งสิ้น,รวมทั้งสิ้น,125703.0,บาท,,"สำนักงานสถิติแห่งชาติ (การสำรวจภาวะเศรษฐกิจและสังคมของครัวเรือน พ.ศ. 2568, ตาราง ค.1)",288024.0,2.6
2568,ลำปาง,ค่าใช้จ่ายทั้งสิ้นต่อเดือน,รวมทั้งสิ้น,รวมทั้งสิ้น,17294.0,บาท,,"สำนักงานสถิติแห่งชาติ (การสำรวจภาวะเศรษฐกิจและสังคมของครัวเรือน พ.ศ. 2568, ตาราง ค.1)",265707.0,2.5
2568,ลำปาง,รายได้ทั้งสิ้นต่อเดือน,รวมทั้งสิ้น,รวมทั้งสิ้น,21588.0,บาท,,"สำนักงานสถิติแห่งชาติ (การสำรวจภาวะเศรษฐกิจและสังคมของครัวเรือน พ.ศ. 2568, ตาราง ค.1)",265707.0,2.5
2568,ลำปาง,ร้อยละของค่าใช้จ่ายต่อรายได้,รวมทั้งสิ้น,รวมทั้งสิ้น,80.10931999258848,ร้อยละ,คำนวณจากค่าใช้จ่ายทั้งสิ้นต่อเดือนหารด้วยรายได้ทั้งสิ้นต่อเดือน × 100,"สำนักงานสถิติแห่งชาติ (การสำรวจภาวะเศรษฐกิจและสังคมของครัวเรือน พ.ศ. 2568, ตาราง ค.1)",265707.0,2.5
2568,ลำปาง,หนี้สินเฉลี่ยต่อครัวเรือนทั้งสิ้น,รวมทั้งสิ้น,รวมทั้งสิ้น,80760.0,บาท,,"สำนักงานสถิติแห่งชาติ (การสำรวจภาวะเศรษฐกิจและสังคมของครัวเรือน พ.ศ. 2568, ตาราง ค.1)",265707.0,2.5
2568,ลำพูน,ค่าใช้จ่ายทั้งสิ้นต่อเดือน,รวมทั้งสิ้น,รวมทั้งสิ้น,18249.0,บาท,,"สำนักงานสถิติแห่งชาติ (การสำรวจภาวะเศรษฐกิจและสังคมของครัวเรือน พ.ศ. 2568, ตาราง ค.1)",149783.0,2.4
2568,ลำพูน,รายได้ทั้งสิ้นต่อเดือน,รวมทั้งสิ้น,รวมทั้งสิ้น,22504.0,บาท,,"สำนักงานสถิติแห่งชาติ (การสำรวจภาวะเศรษฐกิจและสังคมของครัวเรือน พ.ศ. 2568, ตาราง ค.1)",149783.0,2.4
2568,ลำพูน,ร้อยละของค่าใช้จ่ายต่อรายได้,รวมทั้งสิ้น,รวมทั้งสิ้น,81.09225026661927,ร้อยละ,คำนวณจากค่าใช้จ่ายทั้งสิ้นต่อเดือนหารด้วยรายได้ทั้งสิ้นต่อเดือน × 100,"สำนักงานสถิติแห่งชาติ (การสำรวจภาวะเศรษฐกิจและสังคมของครัวเรือน พ.ศ. 2568, ตาราง ค.1)",149783.0,2.4
2568,ลำพูน,หนี้สินเฉลี่ยต่อครัวเรือนทั้งสิ้น,รวมทั้งสิ้น,รวมทั้งสิ้น,95725.0,บาท,,"สำนักงานสถิติแห่งชาติ (การสำรวจภาวะเศรษฐกิจและสังคมของครัวเรือน พ.ศ. 2568, ตาราง ค.1)",149783.0,2.4
2568,ศรีสะเกษ,ค่าใช้จ่ายทั้งสิ้นต่อเดือน,รวมทั้งสิ้น,รวมทั้งสิ้น,13963.0,บาท,,"สำนักงานสถิติแห่งชาติ (การสำรวจภาวะเศรษฐกิจและสังคมของครัวเรือน พ.ศ. 2568, ตาราง ค.1)",283605.0,2.9
2568,ศรีสะเกษ,รายได้ทั้งสิ้นต่อเดือน,รวมทั้งสิ้น,รวมทั้งสิ้น,18550.0,บาท,,"สำนักงานสถิติแห่งชาติ (การสำรวจภาวะเศรษฐกิจและสังคมของครัวเรือน พ.ศ. 2568, ตาราง ค.1)",283605.0,2.9
2568,ศรีสะเกษ,ร้อยละของค่าใช้จ่ายต่อรายได้,รวมทั้งสิ้น,รวมทั้งสิ้น,75.2722371967655,ร้อยละ,คำนวณจากค่าใช้จ่ายทั้งสิ้นต่อเดือนหารด้วยรายได้ทั้งสิ้นต่อเดือน × 100,"สำนักงานสถิติแห่งชาติ (การสำรวจภาวะเศรษฐกิจและสังคมของครัวเรือน พ.ศ. 2568, ตาราง ค.1)",283605.0,2.9
2568,ศรีสะเกษ,หนี้สินเฉลี่ยต่อครัวเรือนทั้งสิ้น,รวมทั้งสิ้น,รวมทั้งสิ้น,165101.0,บาท,,"สำนักงานสถิติแห่งชาติ (การสำรวจภาวะเศรษฐกิจและสังคมของครัวเรือน พ.ศ. 2568, ตาราง ค.1)",283605.0,2.9
2568,สกลนคร,ค่าใช้จ่ายทั้งสิ้นต่อเดือน,รวมทั้งสิ้น,รวมทั้งสิ้น,16718.0,บาท,,"สำนักงานสถิติแห่งชาติ (การสำรวจภาวะเศรษฐกิจและสังคมของครัวเรือน พ.ศ. 2568, ตาราง ค.1)",280294.0,2.8
2568,สกลนคร,รายได้ทั้งสิ้นต่อเดือน,รวมทั้งสิ้น,รวมทั้งสิ้น,22077.0,บาท,,"สำนักงานสถิติแห่งชาติ (การสำรวจภาวะเศรษฐกิจและสังคมของครัวเรือน พ.ศ. 2568, ตาราง ค.1)",280294.0,2.8
2568,สกลนคร,ร้อยละของค่าใช้จ่ายต่อรายได้,รวมทั้งสิ้น,รวมทั้งสิ้น,75.72586855098066,ร้อยละ,คำนวณจากค่าใช้จ่ายทั้งสิ้นต่อเดือนหารด้วยรายได้ทั้งสิ้นต่อเดือน × 100,"สำนักงานสถิติแห่งชาติ (การสำรวจภาวะเศรษฐกิจและสังคมของครัวเรือน พ.ศ. 2568, ตาราง ค.1)",280294.0,2.8
2568,สกลนคร,หนี้สินเฉลี่ยต่อครัวเรือนทั้งสิ้น,รวมทั้งสิ้น,รวมทั้งสิ้น,187191.0,บาท,,"สำนักงานสถิติแห่งชาติ (การสำรวจภาวะเศรษฐกิจและสังคมของครัวเรือน พ.ศ. 2568, ตาราง ค.1)",280294.0,2.8
2568,สงขลา,ค่าใช้จ่ายทั้งสิ้นต่อเดือน,รวมทั้งสิ้น,รวมทั้งสิ้น,17812.0,บาท,,"สำนักงานสถิติแห่งชาติ (การสำรวจภาวะเศรษฐกิจและสังคมของครัวเรือน พ.ศ. 2568, ตาราง ค.1)",606878.0,2.1
2568,สงขลา,รายได้ทั้งสิ้นต่อเดือน,รวมทั้งสิ้น,รวมทั้งสิ้น,23749.0,บาท,,"สำนักงานสถิติแห่งชาติ (การสำรวจภาวะเศรษฐกิจและสังคมของครัวเรือน พ.ศ. 2568, ตาราง ค.1)",606878.0,2.1
2568,สงขลา,ร้อยละของค่าใช้จ่ายต่อรายได้,รวมทั้งสิ้น,รวมทั้งสิ้น,75.00105267590214,ร้อยละ,คำนวณจากค่าใช้จ่ายทั้งสิ้นต่อเดือนหารด้วยรายได้ทั้งสิ้นต่อเดือน × 100,"สำนักงานสถิติแห่งชาติ (การสำรวจภาวะเศรษฐกิจและสังคมของครัวเรือน พ.ศ. 2568, ตาราง ค.1)",606878.0,2.1
2568,สงขลา,หนี้สินเฉลี่ยต่อครัวเรือนทั้งสิ้น,รวมทั้งสิ้น,รวมทั้งสิ้น,55626.0,บาท,,"สำนักงานสถิติแห่งชาติ (การสำรวจภาวะเศรษฐกิจและสังคมของครัวเรือน พ.ศ. 2568, ตาราง ค.1)",606878.0,2.1
2568,สตูล,ค่าใช้จ่ายทั้งสิ้นต่อเดือน,รวมทั้งสิ้น,รวมทั้งสิ้น,19110.0,บาท,,"สำนักงานสถิติแห่งชาติ (การสำรวจภาวะเศรษฐกิจและสังคมของครัวเรือน พ.ศ. 2568, ตาราง ค.1)",93001.0,2.9
2568,สตูล,รายได้ทั้งสิ้นต่อเดือน,รวมทั้งสิ้น,รวมทั้งสิ้น,25109.0,บาท,,"สำนักงานสถิติแห่งชาติ (การสำรวจภาวะเศรษฐกิจและสังคมของครัวเรือน พ.ศ. 2568, ตาราง ค.1)",93001.0,2.9
2568,สตูล,ร้อยละของค่าใช้จ่ายต่อรายได้,รวมทั้งสิ้น,รวมทั้งสิ้น,76.10816838583774,ร้อยละ,คำนวณจากค่าใช้จ่ายทั้งสิ้นต่อเดือนหารด้วยรายได้ทั้งสิ้นต่อเดือน × 100,"สำนักงานสถิติแห่งชาติ (การสำรวจภาวะเศรษฐกิจและสังคมของครัวเรือน พ.ศ. 2568, ตาราง ค.1)",93001.0,2.9
2568,สตูล,หนี้สินเฉลี่ยต่อครัวเรือนทั้งสิ้น,รวมทั้งสิ้น,รวมทั้งสิ้น,180592.0,บาท,,"สำนักงานสถิติแห่งชาติ (การสำรวจภาวะเศรษฐกิจและสังคมของครัวเรือน พ.ศ. 2568, ตาราง ค.1)",93001.0,2.9
2568,สมุทรปราการ,ค่าใช้จ่ายทั้งสิ้นต่อเดือน,รวมทั้งสิ้น,รวมทั้งสิ้น,25060.0,บาท,,"สำนักงานสถิติแห่งชาติ (การสำรวจภาวะเศรษฐกิจและสังคมของครัวเรือน พ.ศ. 2568, ตาราง ค.1)",872152.0,2.5
2568,สมุทรปราการ,รายได้ทั้งสิ้นต่อเดือน,รวมทั้งสิ้น,รวมทั้งสิ้น,41984.0,บาท,,"สำนักงานสถิติแห่งชาติ (การสำรวจภาวะเศรษฐกิจและสังคมของครัวเรือน พ.ศ. 2568, ตาราง ค.1)",872152.0,2.5
2568,สมุทรปราการ,ร้อยละของค่าใช้จ่ายต่อรายได้,รวมทั้งสิ้น,รวมทั้งสิ้น,59.68940548780488,ร้อยละ,คำนวณจากค่าใช้จ่ายทั้งสิ้นต่อเดือนหารด้วยรายได้ทั้งสิ้นต่อเดือน × 100,"สำนักงานสถิติแห่งชาติ (การสำรวจภาวะเศรษฐกิจและสังคมของครัวเรือน พ.ศ. 2568, ตาราง ค.1)",872152.0,2.5
2568,สมุทรปราการ,หนี้สินเฉลี่ยต่อครัวเรือนทั้งสิ้น,รวมทั้งสิ้น,รวมทั้งสิ้น,173200.0,บาท,,"สำนักงานสถิติแห่งชาติ (การสำรวจภาวะเศรษฐกิจและสังคมของครัวเรือน พ.ศ. 2568, ตาราง ค.1)",872152.0,2.5
2568,สมุทรสงคราม,ค่าใช้จ่ายทั้งสิ้นต่อเดือน,รวมทั้งสิ้น,รวมทั้งสิ้น,23651.0,บาท,,"สำนักงานสถิติแห่งชาติ (การสำรวจภาวะเศรษฐกิจและสังคมของครัวเรือน พ.ศ. 2568, ตาราง ค.1)",60142.0,2.9
2568,สมุทรสงคราม,รายได้ทั้งสิ้นต่อเดือน,รวมทั้งสิ้น,รวมทั้งสิ้น,30941.0,บาท,,"สำนักงานสถิติแห่งชาติ (การสำรวจภาวะเศรษฐกิจและสังคมของครัวเรือน พ.ศ. 2568, ตาราง ค.1)",60142.0,2.9
2568,สมุทรสงคราม,ร้อยละของค่าใช้จ่ายต่อรายได้,รวมทั้งสิ้น,รวมทั้งสิ้น,76.43902911993796,ร้อยละ,คำนวณจากค่าใช้จ่ายทั้งสิ้นต่อเดือนหารด้วยรายได้ทั้งสิ้นต่อเดือน × 100,"สำนักงานสถิติแห่งชาติ (การสำรวจภาวะเศรษฐกิจและสังคมของครัวเรือน พ.ศ. 2568, ตาราง ค.1)",60142.0,2.9
2568,สมุทรสงคราม,หนี้สินเฉลี่ยต่อครัวเรือนทั้งสิ้น,รวมทั้งสิ้น,รวมทั้งสิ้น,90167.0,บาท,,"สำนักงานสถิติแห่งชาติ (การสำรวจภาวะเศรษฐกิจและสังคมของครัวเรือน พ.ศ. 2568, ตาราง ค.1)",60142.0,2.9
2568,สมุทรสาคร,ค่าใช้จ่ายทั้งสิ้นต่อเดือน,รวมทั้งสิ้น,รวมทั้งสิ้น,21255.0,บาท,,"สำนักงานสถิติแห่งชาติ (การสำรวจภาวะเศรษฐกิจและสังคมของครัวเรือน พ.ศ. 2568, ตาราง ค.1)",483125.0,2.1
2568,สมุทรสาคร,รายได้ทั้งสิ้นต่อเดือน,รวมทั้งสิ้น,รวมทั้งสิ้น,25268.0,บาท,,"สำนักงานสถิติแห่งชาติ (การสำรวจภาวะเศรษฐกิจและสังคมของครัวเรือน พ.ศ. 2568, ตาราง ค.1)",483125.0,2.1
2568,สมุทรสาคร,ร้อยละของค่าใช้จ่ายต่อรายได้,รวมทั้งสิ้น,รวมทั้งสิ้น,84.11825233496913,ร้อยละ,คำนวณจากค่าใช้จ่ายทั้งสิ้นต่อเดือนหารด้วยรายได้ทั้งสิ้นต่อเดือน × 100,"สำนักงานสถิติแห่งชาติ (การสำรวจภาวะเศรษฐกิจและสังคมของครัวเรือน พ.ศ. 2568, ตาราง ค.1)",483125.0,2.1
2568,สมุทรสาคร,หนี้สินเฉลี่ยต่อครัวเรือนทั้งสิ้น,รวมทั้งสิ้น,รวมทั้งสิ้น,52153.0,บาท,,"สำนักงานสถิติแห่งชาติ (การสำรวจภาวะเศรษฐกิจและสังคมของครัวเรือน พ.ศ. 2568, ตาราง ค.1)",483125.0,2.1
2568,สระบุรี,ค่าใช้จ่ายทั้งสิ้นต่อเดือน,รวมทั้งสิ้น,รวมทั้งสิ้น,26482.0,บาท,,"สำนักงานสถิติแห่งชาติ (การสำรวจภาวะเศรษฐกิจและสังคมของครัวเรือน พ.ศ. 2568, ตาราง ค.1)",262762.0,2.7
2568,สระบุรี,รายได้ทั้งสิ้นต่อเดือน,รวมทั้งสิ้น,รวมทั้งสิ้น,36583.0,บาท,,"สำนักงานสถิติแห่งชาติ (การสำรวจภาวะเศรษฐกิจและสังคมของครัวเรือน พ.ศ. 2568, ตาราง ค.1)",262762.0,2.7
2568,สระบุรี,ร้อยละของค่าใช้จ่ายต่อรายได้,รวมทั้งสิ้น,รวมทั้งสิ้น,72.3888144766695,ร้อยละ,คำนวณจากค่าใช้จ่ายทั้งสิ้นต่อเดือนหารด้วยรายได้ทั้งสิ้นต่อเดือน × 100,"สำนักงานสถิติแห่งชาติ (การสำรวจภาวะเศรษฐกิจและสังคมของครัวเรือน พ.ศ. 2568, ตาราง ค.1)",262762.0,2.7
2568,สระบุรี,หนี้สินเฉลี่ยต่อครัวเรือนทั้งสิ้น,รวมทั้งสิ้น,รวมทั้งสิ้น,211992.0,บาท,,"สำนักงานสถิติแห่งชาติ (การสำรวจภาวะเศรษฐกิจและสังคมของครัวเรือน พ.ศ. 2568, ตาราง ค.1)",262762.0,2.7
2568,สระแก้ว,ค่าใช้จ่ายทั้งสิ้นต่อเดือน,รวมทั้งสิ้น,รวมทั้งสิ้น,17572.0,บาท,,"สำนักงานสถิติแห่งชาติ (การสำรวจภาวะเศรษฐกิจและสังคมของครัวเรือน พ.ศ. 2568, ตาราง ค.1)",244540.0,2.8
2568,สระแก้ว,รายได้ทั้งสิ้นต่อเดือน,รวมทั้งสิ้น,รวมทั้งสิ้น,21724.0,บาท,,"สำนักงานสถิติแห่งชาติ (การสำรวจภาวะเศรษฐกิจและสังคมของครัวเรือน พ.ศ. 2568, ตาราง ค.1)",244540.0,2.8
2568,สระแก้ว,ร้อยละของค่าใช้จ่ายต่อรายได้,รวมทั้งสิ้น,รวมทั้งสิ้น,80.88749769839808,ร้อยละ,คำนวณจากค่าใช้จ่ายทั้งสิ้นต่อเดือนหารด้วยรายได้ทั้งสิ้นต่อเดือน × 100,"สำนักงานสถิติแห่งชาติ (การสำรวจภาวะเศรษฐกิจและสังคมของครัวเรือน พ.ศ. 2568, ตาราง ค.1)",244540.0,2.8
2568,สระแก้ว,หนี้สินเฉลี่ยต่อครัวเรือนทั้งสิ้น,รวมทั้งสิ้น,รวมทั้งสิ้น,173200.0,บาท,,"สำนักงานสถิติแห่งชาติ (การสำรวจภาวะเศรษฐกิจและสังคมของครัวเรือน พ.ศ. 2568, ตาราง ค.1)",244540.0,2.8
2568,สิงห์บุรี,ค่าใช้จ่ายทั้งสิ้นต่อเดือน,รวมทั้งสิ้น,รวมทั้งสิ้น,22422.0,บาท,,"สำนักงานสถิติแห่งชาติ (การสำรวจภาวะเศรษฐกิจและสังคมของครัวเรือน พ.ศ. 2568, ตาราง ค.1)",65231.0,2.7
2568,สิงห์บุรี,รายได้ทั้งสิ้นต่อเดือน,รวมทั้งสิ้น,รวมทั้งสิ้น,30212.0,บาท,,"สำนักงานสถิติแห่งชาติ (การสำรวจภาวะเศรษฐกิจและสังคมของครัวเรือน พ.ศ. 2568, ตาราง ค.1)",65231.0,2.7
2568,สิงห์บุรี,ร้อยละของค่าใช้จ่ายต่อรายได้,รวมทั้งสิ้น,รวมทั้งสิ้น,74.21554349265193,ร้อยละ,คำนวณจากค่าใช้จ่ายทั้งสิ้นต่อเดือนหารด้วยรายได้ทั้งสิ้นต่อเดือน × 100,"สำนักงานสถิติแห่งชาติ (การสำรวจภาวะเศรษฐกิจและสังคมของครัวเรือน พ.ศ. 2568, ตาราง ค.1)",65231.0,2.7
2568,สิงห์บุรี,หนี้สินเฉลี่ยต่อครัวเรือนทั้งสิ้น,รวมทั้งสิ้น,รวมทั้งสิ้น,102329.0,บาท,,"สำนักงานสถิติแห่งชาติ (การสำรวจภาวะเศรษฐกิจและสังคมของครัวเรือน พ.ศ. 2568, ตาราง ค.1)",65231.0,2.7
2568,สุพรรณบุรี,ค่าใช้จ่ายทั้งสิ้นต่อเดือน,รวมทั้งสิ้น,รวมทั้งสิ้น,17412.0,บาท,,"สำนักงานสถิติแห่งชาติ (การสำรวจภาวะเศรษฐกิจและสังคมของครัวเรือน พ.ศ. 2568, ตาราง ค.1)",301352.0,2.3
2568,สุพรรณบุรี,รายได้ทั้งสิ้นต่อเดือน,รวมทั้งสิ้น,รวมทั้งสิ้น,21330.0,บาท,,"สำนักงานสถิติแห่งชาติ (การสำรวจภาวะเศรษฐกิจและสังคมของครัวเรือน พ.ศ. 2568, ตาราง ค.1)",301352.0,2.3
2568,สุพรรณบุรี,ร้อยละของค่าใช้จ่ายต่อรายได้,รวมทั้งสิ้น,รวมทั้งสิ้น,81.63150492264415,ร้อยละ,คำนวณจากค่าใช้จ่ายทั้งสิ้นต่อเดือนหารด้วยรายได้ทั้งสิ้นต่อเดือน × 100,"สำนักงานสถิติแห่งชาติ (การสำรวจภาวะเศรษฐกิจและสังคมของครัวเรือน พ.ศ. 2568, ตาราง ค.1)",301352.0,2.3
2568,สุพรรณบุรี,หนี้สินเฉลี่ยต่อครัวเรือนทั้งสิ้น,รวมทั้งสิ้น,รวมทั้งสิ้น,43109.0,บาท,,"สำนักงานสถิติแห่งชาติ (การสำรวจภาวะเศรษฐกิจและสังคมของครัวเรือน พ.ศ. 2568, ตาราง ค.1)",301352.0,2.3
2568,สุราษฎร์ธานี,ค่าใช้จ่ายทั้งสิ้นต่อเดือน,รวมทั้งสิ้น,รวมทั้งสิ้น,26905.0,บาท,,"สำนักงานสถิติแห่งชาติ (การสำรวจภาวะเศรษฐกิจและสังคมของครัวเรือน พ.ศ. 2568, ตาราง ค.1)",423558.0,2.7
2568,สุราษฎร์ธานี,รายได้ทั้งสิ้นต่อเดือน,รวมทั้งสิ้น,รวมทั้งสิ้น,32988.0,บาท,,"สำนักงานสถิติแห่งชาติ (การสำรวจภาวะเศรษฐกิจและสังคมของครัวเรือน พ.ศ. 2568, ตาราง ค.1)",423558.0,2.7
2568,สุราษฎร์ธานี,ร้อยละของค่าใช้จ่ายต่อรายได้,รวมทั้งสิ้น,รวมทั้งสิ้น,81.5599611980114,ร้อยละ,คำนวณจากค่าใช้จ่ายทั้งสิ้นต่อเดือนหารด้วยรายได้ทั้งสิ้นต่อเดือน × 100,"สำนักงานสถิติแห่งชาติ (การสำรวจภาวะเศรษฐกิจและสังคมของครัวเรือน พ.ศ. 2568, ตาราง ค.1)",423558.0,2.7
2568,สุราษฎร์ธานี,หนี้สินเฉลี่ยต่อครัวเรือนทั้งสิ้น,รวมทั้งสิ้น,รวมทั้งสิ้น,144828.0,บาท,,"สำนักงานสถิติแห่งชาติ (การสำรวจภาวะเศรษฐกิจและสังคมของครัวเรือน พ.ศ. 2568, ตาราง ค.1)",423558.0,2.7
2568,สุรินทร์,ค่าใช้จ่ายทั้งสิ้นต่อเดือน,รวมทั้งสิ้น,รวมทั้งสิ้น,18940.0,บาท,,"สำนักงานสถิติแห่งชาติ (การสำรวจภาวะเศรษฐกิจและสังคมของครัวเรือน พ.ศ. 2568, ตาราง ค.1)",360450.0,3.0
2568,สุรินทร์,รายได้ทั้งสิ้นต่อเดือน,รวมทั้งสิ้น,รวมทั้งสิ้น,22493.0,บาท,,"สำนักงานสถิติแห่งชาติ (การสำรวจภาวะเศรษฐกิจและสังคมของครัวเรือน พ.ศ. 2568, ตาราง ค.1)",360450.0,3.0
2568,สุรินทร์,ร้อยละของค่าใช้จ่ายต่อรายได้,รวมทั้งสิ้น,รวมทั้งสิ้น,84.20397456986618,ร้อยละ,คำนวณจากค่าใช้จ่ายทั้งสิ้นต่อเดือนหารด้วยรายได้ทั้งสิ้นต่อเดือน × 100,"สำนักงานสถิติแห่งชาติ (การสำรวจภาวะเศรษฐกิจและสังคมของครัวเรือน พ.ศ. 2568, ตาราง ค.1)",360450.0,3.0
2568,สุรินทร์,หนี้สินเฉลี่ยต่อครัวเรือนทั้งสิ้น,รวมทั้งสิ้น,รวมทั้งสิ้น,231565.0,บาท,,"สำนักงานสถิติแห่งชาติ (การสำรวจภาวะเศรษฐกิจและสังคมของครัวเรือน พ.ศ. 2568, ตาราง ค.1)",360450.0,3.0
2568,สุโขทัย,ค่าใช้จ่ายทั้งสิ้นต่อเดือน,รวมทั้งสิ้น,รวมทั้งสิ้น,17158.0,บาท,,"สำนักงานสถิติแห่งชาติ (การสำรวจภาวะเศรษฐกิจและสังคมของครัวเรือน พ.ศ. 2568, ตาราง ค.1)",220854.0,2.7
2568,สุโขทัย,รายได้ทั้งสิ้นต่อเดือน,รวมทั้งสิ้น,รวมทั้งสิ้น,24143.0,บาท,,"สำนักงานสถิติแห่งชาติ (การสำรวจภาวะเศรษฐกิจและสังคมของครัวเรือน พ.ศ. 2568, ตาราง ค.1)",220854.0,2.7
2568,สุโขทัย,ร้อยละของค่าใช้จ่ายต่อรายได้,รวมทั้งสิ้น,รวมทั้งสิ้น,71.06821853125129,ร้อยละ,คำนวณจากค่าใช้จ่ายทั้งสิ้นต่อเดือนหารด้วยรายได้ทั้งสิ้นต่อเดือน × 100,"สำนักงานสถิติแห่งชาติ (การสำรวจภาวะเศรษฐกิจและสังคมของครัวเรือน พ.ศ. 2568, ตาราง ค.1)",220854.0,2.7
2568,สุโขทัย,หนี้สินเฉลี่ยต่อครัวเรือนทั้งสิ้น,รวมทั้งสิ้น,รวมทั้งสิ้น,233617.0,บาท,,"สำนักงานสถิติแห่งชาติ (การสำรวจภาวะเศรษฐกิจและสังคมของครัวเรือน พ.ศ. 2568, ตาราง ค.1)",220854.0,2.7
2568,หนองคาย,ค่าใช้จ่ายทั้งสิ้นต่อเดือน,รวมทั้งสิ้น,รวมทั้งสิ้น,21599.0,บาท,,"สำนักงานสถิติแห่งชาติ (การสำรวจภาวะเศรษฐกิจและสังคมของครัวเรือน พ.ศ. 2568, ตาราง ค.1)",152131.0,2.9
2568,หนองคาย,รายได้ทั้งสิ้นต่อเดือน,รวมทั้งสิ้น,รวมทั้งสิ้น,26535.0,บาท,,"สำนักงานสถิติแห่งชาติ (การสำรวจภาวะเศรษฐกิจและสังคมของครัวเรือน พ.ศ. 2568, ตาราง ค.1)",152131.0,2.9
2568,หนองคาย,ร้อยละของค่าใช้จ่ายต่อรายได้,รวมทั้งสิ้น,รวมทั้งสิ้น,81.39815338232523,ร้อยละ,คำนวณจากค่าใช้จ่ายทั้งสิ้นต่อเดือนหารด้วยรายได้ทั้งสิ้นต่อเดือน × 100,"สำนักงานสถิติแห่งชาติ (การสำรวจภาวะเศรษฐกิจและสังคมของครัวเรือน พ.ศ. 2568, ตาราง ค.1)",152131.0,2.9
2568,หนองคาย,หนี้สินเฉลี่ยต่อครัวเรือนทั้งสิ้น,รวมทั้งสิ้น,รวมทั้งสิ้น,156189.0,บาท,,"สำนักงานสถิติแห่งชาติ (การสำรวจภาวะเศรษฐกิจและสังคมของครัวเรือน พ.ศ. 2568, ตาราง ค.1)",152131.0,2.9
2568,หนองบัวลำภู,ค่าใช้จ่ายทั้งสิ้นต่อเดือน,รวมทั้งสิ้น,รวมทั้งสิ้น,19779.0,บาท,,"สำนักงานสถิติแห่งชาติ (การสำรวจภาวะเศรษฐกิจและสังคมของครัวเรือน พ.ศ. 2568, ตาราง ค.1)",142447.0,3.1
2568,หนองบัวลำภู,รายได้ทั้งสิ้นต่อเดือน,รวมทั้งสิ้น,รวมทั้งสิ้น,24740.0,บาท,,"สำนักงานสถิติแห่งชาติ (การสำรวจภาวะเศรษฐกิจและสังคมของครัวเรือน พ.ศ. 2568, ตาราง ค.1)",142447.0,3.1
2568,หนองบัวลำภู,ร้อยละของค่าใช้จ่ายต่อรายได้,รวมทั้งสิ้น,รวมทั้งสิ้น,79.94745351657235,ร้อยละ,คำนวณจากค่าใช้จ่ายทั้งสิ้นต่อเดือนหารด้วยรายได้ทั้งสิ้นต่อเดือน × 100,"สำนักงานสถิติแห่งชาติ (การสำรวจภาวะเศรษฐกิจและสังคมของครัวเรือน พ.ศ. 2568, ตาราง ค.1)",142447.0,3.1
2568,หนองบัวลำภู,หนี้สินเฉลี่ยต่อครัวเรือนทั้งสิ้น,รวมทั้งสิ้น,รวมทั้งสิ้น,232069.0,บาท,,"สำนักงานสถิติแห่งชาติ (การสำรวจภาวะเศรษฐกิจและสังคมของครัวเรือน พ.ศ. 2568, ตาราง ค.1)",142447.0,3.1
2568,อำนาจเจริญ,ค่าใช้จ่ายทั้งสิ้นต่อเดือน,รวมทั้งสิ้น,รวมทั้งสิ้น,22128.0,บาท,,"สำนักงานสถิติแห่งชาติ (การสำรวจภาวะเศรษฐกิจและสังคมของครัวเรือน พ.ศ. 2568, ตาราง ค.1)",87647.0,3.0
2568,อำนาจเจริญ,รายได้ทั้งสิ้นต่อเดือน,รวมทั้งสิ้น,รวมทั้งสิ้น,27682.0,บาท,,"สำนักงานสถิติแห่งชาติ (การสำรวจภาวะเศรษฐกิจและสังคมของครัวเรือน พ.ศ. 2568, ตาราง ค.1)",87647.0,3.0
2568,อำนาจเจริญ,ร้อยละของค่าใช้จ่ายต่อรายได้,รวมทั้งสิ้น,รวมทั้งสิ้น,79.93642077884546,ร้อยละ,คำนวณจากค่าใช้จ่ายทั้งสิ้นต่อเดือนหารด้วยรายได้ทั้งสิ้นต่อเดือน × 100,"สำนักงานสถิติแห่งชาติ (การสำรวจภาวะเศรษฐกิจและสังคมของครัวเรือน พ.ศ. 2568, ตาราง ค.1)",87647.0,3.0
2568,อำนาจเจริญ,หนี้สินเฉลี่ยต่อครัวเรือนทั้งสิ้น,รวมทั้งสิ้น,รวมทั้งสิ้น,311875.0,บาท,,"สำนักงานสถิติแห่งชาติ (การสำรวจภาวะเศรษฐกิจและสังคมของครัวเรือน พ.ศ. 2568, ตาราง ค.1)",87647.0,3.0
2568,อุดรธานี,ค่าใช้จ่ายทั้งสิ้นต่อเดือน,รวมทั้งสิ้น,รวมทั้งสิ้น,18297.0,บาท,,"สำนักงานสถิติแห่งชาติ (การสำรวจภาวะเศรษฐกิจและสังคมของครัวเรือน พ.ศ. 2568, ตาราง ค.1)",422111.0,2.3
2568,อุดรธานี,รายได้ทั้งสิ้นต่อเดือน,รวมทั้งสิ้น,รวมทั้งสิ้น,21587.0,บาท,,"สำนักงานสถิติแห่งชาติ (การสำรวจภาวะเศรษฐกิจและสังคมของครัวเรือน พ.ศ. 2568, ตาราง ค.1)",422111.0,2.3
2568,อุดรธานี,ร้อยละของค่าใช้จ่ายต่อรายได้,รวมทั้งสิ้น,รวมทั้งสิ้น,84.75934590262658,ร้อยละ,คำนวณจากค่าใช้จ่ายทั้งสิ้นต่อเดือนหารด้วยรายได้ทั้งสิ้นต่อเดือน × 100,"สำนักงานสถิติแห่งชาติ (การสำรวจภาวะเศรษฐกิจและสังคมของครัวเรือน พ.ศ. 2568, ตาราง ค.1)",422111.0,2.3
2568,อุดรธานี,หนี้สินเฉลี่ยต่อครัวเรือนทั้งสิ้น,รวมทั้งสิ้น,รวมทั้งสิ้น,55708.0,บาท,,"สำนักงานสถิติแห่งชาติ (การสำรวจภาวะเศรษฐกิจและสังคมของครัวเรือน พ.ศ. 2568, ตาราง ค.1)",422111.0,2.3
2568,อุตรดิตถ์,ค่าใช้จ่ายทั้งสิ้นต่อเดือน,รวมทั้งสิ้น,รวมทั้งสิ้น,16994.0,บาท,,"สำนักงานสถิติแห่งชาติ (การสำรวจภาวะเศรษฐกิจและสังคมของครัวเรือน พ.ศ. 2568, ตาราง ค.1)",141670.0,2.8
2568,อุตรดิตถ์,รายได้ทั้งสิ้นต่อเดือน,รวมทั้งสิ้น,รวมทั้งสิ้น,22820.0,บาท,,"สำนักงานสถิติแห่งชาติ (การสำรวจภาวะเศรษฐกิจและสังคมของครัวเรือน พ.ศ. 2568, ตาราง ค.1)",141670.0,2.8
2568,อุตรดิตถ์,ร้อยละของค่าใช้จ่ายต่อรายได้,รวมทั้งสิ้น,รวมทั้งสิ้น,74.46976336546889,ร้อยละ,คำนวณจากค่าใช้จ่ายทั้งสิ้นต่อเดือนหารด้วยรายได้ทั้งสิ้นต่อเดือน × 100,"สำนักงานสถิติแห่งชาติ (การสำรวจภาวะเศรษฐกิจและสังคมของครัวเรือน พ.ศ. 2568, ตาราง ค.1)",141670.0,2.8
2568,อุตรดิตถ์,หนี้สินเฉลี่ยต่อครัวเรือนทั้งสิ้น,รวมทั้งสิ้น,รวมทั้งสิ้น,145221.0,บาท,,"สำนักงานสถิติแห่งชาติ (การสำรวจภาวะเศรษฐกิจและสังคมของครัวเรือน พ.ศ. 2568, ตาราง ค.1)",141670.0,2.8
2568,อุทัยธานี,ค่าใช้จ่ายทั้งสิ้นต่อเดือน,รวมทั้งสิ้น,รวมทั้งสิ้น,17045.0,บาท,,"สำนักงานสถิติแห่งชาติ (การสำรวจภาวะเศรษฐกิจและสังคมของครัวเรือน พ.ศ. 2568, ตาราง ค.1)",101422.0,2.5
2568,อุทัยธานี,รายได้ทั้งสิ้นต่อเดือน,รวมทั้งสิ้น,รวมทั้งสิ้น,22153.0,บาท,,"สำนักงานสถิติแห่งชาติ (การสำรวจภาวะเศรษฐกิจและสังคมของครัวเรือน พ.ศ. 2568, ตาราง ค.1)",101422.0,2.5
2568,อุทัยธานี,ร้อยละของค่าใช้จ่ายต่อรายได้,รวมทั้งสิ้น,รวมทั้งสิ้น,76.9421748747348,ร้อยละ,คำนวณจากค่าใช้จ่ายทั้งสิ้นต่อเดือนหารด้วยรายได้ทั้งสิ้นต่อเดือน × 100,"สำนักงานสถิติแห่งชาติ (การสำรวจภาวะเศรษฐกิจและสังคมของครัวเรือน พ.ศ. 2568, ตาราง ค.1)",101422.0,2.5
2568,อุทัยธานี,หนี้สินเฉลี่ยต่อครัวเรือนทั้งสิ้น,รวมทั้งสิ้น,รวมทั้งสิ้น,207964.0,บาท,,"สำนักงานสถิติแห่งชาติ (การสำรวจภาวะเศรษฐกิจและสังคมของครัวเรือน พ.ศ. 2568, ตาราง ค.1)",101422.0,2.5
2568,อุบลราชธานี,ค่าใช้จ่ายทั้งสิ้นต่อเดือน,รวมทั้งสิ้น,รวมทั้งสิ้น,14022.0,บาท,,"สำนักงานสถิติแห่งชาติ (การสำรวจภาวะเศรษฐกิจและสังคมของครัวเรือน พ.ศ. 2568, ตาราง ค.1)",552175.0,2.7
2568,อุบลราชธานี,รายได้ทั้งสิ้นต่อเดือน,รวมทั้งสิ้น,รวมทั้งสิ้น,19516.0,บาท,,"สำนักงานสถิติแห่งชาติ (การสำรวจภาวะเศรษฐกิจและสังคมของครัวเรือน พ.ศ. 2568, ตาราง ค.1)",552175.0,2.7
2568,อุบลราชธานี,ร้อยละของค่าใช้จ่ายต่อรายได้,รวมทั้งสิ้น,รวมทั้งสิ้น,71.84873949579831,ร้อยละ,คำนวณจากค่าใช้จ่ายทั้งสิ้นต่อเดือนหารด้วยรายได้ทั้งสิ้นต่อเดือน × 100,"สำนักงานสถิติแห่งชาติ (การสำรวจภาวะเศรษฐกิจและสังคมของครัวเรือน พ.ศ. 2568, ตาราง ค.1)",552175.0,2.7
2568,อุบลราชธานี,หนี้สินเฉลี่ยต่อครัวเรือนทั้งสิ้น,รวมทั้งสิ้น,รวมทั้งสิ้น,153712.0,บาท,,"สำนักงานสถิติแห่งชาติ (การสำรวจภาวะเศรษฐกิจและสังคมของครัวเรือน พ.ศ. 2568, ตาราง ค.1)",552175.0,2.7
2568,อ่างทอง,ค่าใช้จ่ายทั้งสิ้นต่อเดือน,รวมทั้งสิ้น,รวมทั้งสิ้น,19388.0,บาท,,"สำนักงานสถิติแห่งชาติ (การสำรวจภาวะเศรษฐกิจและสังคมของครัวเรือน พ.ศ. 2568, ตาราง ค.1)",84131.0,2.8
2568,อ่างทอง,รายได้ทั้งสิ้นต่อเดือน,รวมทั้งสิ้น,รวมทั้งสิ้น,28021.0,บาท,,"สำนักงานสถิติแห่งชาติ (การสำรวจภาวะเศรษฐกิจและสังคมของครัวเรือน พ.ศ. 2568, ตาราง ค.1)",84131.0,2.8
2568,อ่างทอง,ร้อยละของค่าใช้จ่ายต่อรายได้,รวมทั้งสิ้น,รวมทั้งสิ้น,69.19096391991721,ร้อยละ,คำนวณจากค่าใช้จ่ายทั้งสิ้นต่อเดือนหารด้วยรายได้ทั้งสิ้นต่อเดือน × 100,"สำนักงานสถิติแห่งชาติ (การสำรวจภาวะเศรษฐกิจและสังคมของครัวเรือน พ.ศ. 2568, ตาราง ค.1)",84131.0,2.8
2568,อ่างทอง,หนี้สินเฉลี่ยต่อครัวเรือนทั้งสิ้น,รวมทั้งสิ้น,รวมทั้งสิ้น,118229.0,บาท,,"สำนักงานสถิติแห่งชาติ (การสำรวจภาวะเศรษฐกิจและสังคมของครัวเรือน พ.ศ. 2568, ตาราง ค.1)",84131.0,2.8
2568,เชียงราย,ค่าใช้จ่ายทั้งสิ้นต่อเดือน,รวมทั้งสิ้น,รวมทั้งสิ้น,12613.0,บาท,,"สำนักงานสถิติแห่งชาติ (การสำรวจภาวะเศรษฐกิจและสังคมของครัวเรือน พ.ศ. 2568, ตาราง ค.1)",404284.0,2.1
2568,เชียงราย,รายได้ทั้งสิ้นต่อเดือน,รวมทั้งสิ้น,รวมทั้งสิ้น,16212.0,บาท,,"สำนักงานสถิติแห่งชาติ (การสำรวจภาวะเศรษฐกิจและสังคมของครัวเรือน พ.ศ. 2568, ตาราง ค.1)",404284.0,2.1
2568,เชียงราย,ร้อยละของค่าใช้จ่ายต่อรายได้,รวมทั้งสิ้น,รวมทั้งสิ้น,77.80039476930669,ร้อยละ,คำนวณจากค่าใช้จ่ายทั้งสิ้นต่อเดือนหารด้วยรายได้ทั้งสิ้นต่อเดือน × 100,"สำนักงานสถิติแห่งชาติ (การสำรวจภาวะเศรษฐกิจและสังคมของครัวเรือน พ.ศ. 2568, ตาราง ค.1)",404284.0,2.1
2568,เชียงราย,หนี้สินเฉลี่ยต่อครัวเรือนทั้งสิ้น,รวมทั้งสิ้น,รวมทั้งสิ้น,24372.0,บาท,,"สำนักงานสถิติแห่งชาติ (การสำรวจภาวะเศรษฐกิจและสังคมของครัวเรือน พ.ศ. 2568, ตาราง ค.1)",404284.0,2.1
2568,เชียงใหม่,ค่าใช้จ่ายทั้งสิ้นต่อเดือน,รวมทั้งสิ้น,รวมทั้งสิ้น,19508.0,บาท,,"สำนักงานสถิติแห่งชาติ (การสำรวจภาวะเศรษฐกิจและสังคมของครัวเรือน พ.ศ. 2568, ตาราง ค.1)",691557.0,2.3
2568,เชียงใหม่,รายได้ทั้งสิ้นต่อเดือน,รวมทั้งสิ้น,รวมทั้งสิ้น,23010.0,บาท,,"สำนักงานสถิติแห่งชาติ (การสำรวจภาวะเศรษฐกิจและสังคมของครัวเรือน พ.ศ. 2568, ตาราง ค.1)",691557.0,2.3
2568,เชียงใหม่,ร้อยละของค่าใช้จ่ายต่อรายได้,รวมทั้งสิ้น,รวมทั้งสิ้น,84.78053020425902,ร้อยละ,คำนวณจากค่าใช้จ่ายทั้งสิ้นต่อเดือนหารด้วยรายได้ทั้งสิ้นต่อเดือน × 100,"สำนักงานสถิติแห่งชาติ (การสำรวจภาวะเศรษฐกิจและสังคมของครัวเรือน พ.ศ. 2568, ตาราง ค.1)",691557.0,2.3
2568,เชียงใหม่,หนี้สินเฉลี่ยต่อครัวเรือนทั้งสิ้น,รวมทั้งสิ้น,รวมทั้งสิ้น,82055.0,บาท,,"สำนักงานสถิติแห่งชาติ (การสำรวจภาวะเศรษฐกิจและสังคมของครัวเรือน พ.ศ. 2568, ตาราง ค.1)",691557.0,2.3
2568,เพชรบุรี,ค่าใช้จ่ายทั้งสิ้นต่อเดือน,รวมทั้งสิ้น,รวมทั้งสิ้น,22850.0,บาท,,"สำนักงานสถิติแห่งชาติ (การสำรวจภาวะเศรษฐกิจและสังคมของครัวเรือน พ.ศ. 2568, ตาราง ค.1)",186888.0,2.6
2568,เพชรบุรี,รายได้ทั้งสิ้นต่อเดือน,รวมทั้งสิ้น,รวมทั้งสิ้น,27614.0,บาท,,"สำนักงานสถิติแห่งชาติ (การสำรวจภาวะเศรษฐกิจและสังคมของครัวเรือน พ.ศ. 2568, ตาราง ค.1)",186888.0,2.6
2568,เพชรบุรี,ร้อยละของค่าใช้จ่ายต่อรายได้,รวมทั้งสิ้น,รวมทั้งสิ้น,82.7478815093793,ร้อยละ,คำนวณจากค่าใช้จ่ายทั้งสิ้นต่อเดือนหารด้วยรายได้ทั้งสิ้นต่อเดือน × 100,"สำนักงานสถิติแห่งชาติ (การสำรวจภาวะเศรษฐกิจและสังคมของครัวเรือน พ.ศ. 2568, ตาราง ค.1)",186888.0,2.6
2568,เพชรบุรี,หนี้สินเฉลี่ยต่อครัวเรือนทั้งสิ้น,รวมทั้งสิ้น,รวมทั้งสิ้น,153635.0,บาท,,"สำนักงานสถิติแห่งชาติ (การสำรวจภาวะเศรษฐกิจและสังคมของครัวเรือน พ.ศ. 2568, ตาราง ค.1)",186888.0,2.6
2568,เพชรบูรณ์,ค่าใช้จ่ายทั้งสิ้นต่อเดือน,รวมทั้งสิ้น,รวมทั้งสิ้น,20654.0,บาท,,"สำนักงานสถิติแห่งชาติ (การสำรวจภาวะเศรษฐกิจและสังคมของครัวเรือน พ.ศ. 2568, ตาราง ค.1)",306104.0,2.9
2568,เพชรบูรณ์,รายได้ทั้งสิ้นต่อเดือน,รวมทั้งสิ้น,รวมทั้งสิ้น,29269.0,บาท,,"สำนักงานสถิติแห่งชาติ (การสำรวจภาวะเศรษฐกิจและสังคมของครัวเรือน พ.ศ. 2568, ตาราง ค.1)",306104.0,2.9
2568,เพชรบูรณ์,ร้อยละของค่าใช้จ่ายต่อรายได้,รวมทั้งสิ้น,รวมทั้งสิ้น,70.56612798524036,ร้อยละ,คำนวณจากค่าใช้จ่ายทั้งสิ้นต่อเดือนหารด้วยรายได้ทั้งสิ้นต่อเดือน × 100,"สำนักงานสถิติแห่งชาติ (การสำรวจภาวะเศรษฐกิจและสังคมของครัวเรือน พ.ศ. 2568, ตาราง ค.1)",306104.0,2.9
2568,เพชรบูรณ์,หนี้สินเฉลี่ยต่อครัวเรือนทั้งสิ้น,รวมทั้งสิ้น,รวมทั้งสิ้น,282191.0,บาท,,"สำนักงานสถิติแห่งชาติ (การสำรวจภาวะเศรษฐกิจและสังคมของครัวเรือน พ.ศ. 2568, ตาราง ค.1)",306104.0,2.9
2568,เลย,ค่าใช้จ่ายทั้งสิ้นต่อเดือน,รวมทั้งสิ้น,รวมทั้งสิ้น,22243.0,บาท,,"สำนักงานสถิติแห่งชาติ (การสำรวจภาวะเศรษฐกิจและสังคมของครัวเรือน พ.ศ. 2568, ตาราง ค.1)",175423.0,2.8
2568,เลย,รายได้ทั้งสิ้นต่อเดือน,รวมทั้งสิ้น,รวมทั้งสิ้น,27772.0,บาท,,"สำนักงานสถิติแห่งชาติ (การสำรวจภาวะเศรษฐกิจและสังคมของครัวเรือน พ.ศ. 2568, ตาราง ค.1)",175423.0,2.8
2568,เลย,ร้อยละของค่าใช้จ่ายต่อรายได้,รวมทั้งสิ้น,รวมทั้งสิ้น,80.09145902347689,ร้อยละ,คำนวณจากค่าใช้จ่ายทั้งสิ้นต่อเดือนหารด้วยรายได้ทั้งสิ้นต่อเดือน × 100,"สำนักงานสถิติแห่งชาติ (การสำรวจภาวะเศรษฐกิจและสังคมของครัวเรือน พ.ศ. 2568, ตาราง ค.1)",175423.0,2.8
2568,เลย,หนี้สินเฉลี่ยต่อครัวเรือนทั้งสิ้น,รวมทั้งสิ้น,รวมทั้งสิ้น,209029.0,บาท,,"สำนักงานสถิติแห่งชาติ (การสำรวจภาวะเศรษฐกิจและสังคมของครัวเรือน พ.ศ. 2568, ตาราง ค.1)",175423.0,2.8
2568,แพร่,ค่าใช้จ่ายทั้งสิ้นต่อเดือน,รวมทั้งสิ้น,รวมทั้งสิ้น,17130.0,บาท,,"สำนักงานสถิติแห่งชาติ (การสำรวจภาวะเศรษฐกิจและสังคมของครัวเรือน พ.ศ. 2568, ตาราง ค.1)",138625.0,2.6
2568,แพร่,รายได้ทั้งสิ้นต่อเดือน,รวมทั้งสิ้น,รวมทั้งสิ้น,23567.0,บาท,,"สำนักงานสถิติแห่งชาติ (การสำรวจภาวะเศรษฐกิจและสังคมของครัวเรือน พ.ศ. 2568, ตาราง ค.1)",138625.0,2.6
2568,แพร่,ร้อยละของค่าใช้จ่ายต่อรายได้,รวมทั้งสิ้น,รวมทั้งสิ้น,72.68638350235499,ร้อยละ,คำนวณจากค่าใช้จ่ายทั้งสิ้นต่อเดือนหารด้วยรายได้ทั้งสิ้นต่อเดือน × 100,"สำนักงานสถิติแห่งชาติ (การสำรวจภาวะเศรษฐกิจและสังคมของครัวเรือน พ.ศ. 2568, ตาราง ค.1)",138625.0,2.6
2568,แพร่,หนี้สินเฉลี่ยต่อครัวเรือนทั้งสิ้น,รวมทั้งสิ้น,รวมทั้งสิ้น,168111.0,บาท,,"สำนักงานสถิติแห่งชาติ (การสำรวจภาวะเศรษฐกิจและสังคมของครัวเรือน พ.ศ. 2568, ตาราง ค.1)",138625.0,2.6
2568,แม่ฮ่องสอน,ค่าใช้จ่ายทั้งสิ้นต่อเดือน,รวมทั้งสิ้น,รวมทั้งสิ้น,13964.0,บาท,,"สำนักงานสถิติแห่งชาติ (การสำรวจภาวะเศรษฐกิจและสังคมของครัวเรือน พ.ศ. 2568, ตาราง ค.1)",84496.0,2.4
2568,แม่ฮ่องสอน,รายได้ทั้งสิ้นต่อเดือน,รวมทั้งสิ้น,รวมทั้งสิ้น,18044.0,บาท,,"สำนักงานสถิติแห่งชาติ (การสำรวจภาวะเศรษฐกิจและสังคมของครัวเรือน พ.ศ. 2568, ตาราง ค.1)",84496.0,2.4
2568,แม่ฮ่องสอน,ร้อยละของค่าใช้จ่ายต่อรายได้,รวมทั้งสิ้น,รวมทั้งสิ้น,77.38860563068056,ร้อยละ,คำนวณจากค่าใช้จ่ายทั้งสิ้นต่อเดือนหารด้วยรายได้ทั้งสิ้นต่อเดือน × 100,"สำนักงานสถิติแห่งชาติ (การสำรวจภาวะเศรษฐกิจและสังคมของครัวเรือน พ.ศ. 2568, ตาราง ค.1)",84496.0,2.4
2568,แม่ฮ่องสอน,หนี้สินเฉลี่ยต่อครัวเรือนทั้งสิ้น,รวมทั้งสิ้น,รวมทั้งสิ้น,98243.0,บาท,,"สำนักงานสถิติแห่งชาติ (การสำรวจภาวะเศรษฐกิจและสังคมของครัวเรือน พ.ศ. 2568, ตาราง ค.1)",84496.0,2.4
