Year,Region,Area,Type_debt,value,unit,source
2566,ทั่วราชอาณาจักร,รวม,รวม,11472172,ครัวเรือน,สำนักงานสถิติแห่งชาติ
2566,ทั่วราชอาณาจักร,รวม,มีหนี้ในระบบอย่างเดียว,10613594,ครัวเรือน,สำนักงานสถิติแห่งชาติ
2566,ทั่วราชอาณาจักร,รวม,มีหนี้นอกระบบอย่างเดียว,548804,ครัวเรือน,สำนักงานสถิติแห่งชาติ
2566,ทั่วราชอาณาจักร,รวม,มีหนี้ทั้งในและนอกระบบ,309774,ครัวเรือน,สำนักงานสถิติแห่งชาติ
2566,ทั่วราชอาณาจักร,ในเขตเทศบาล,รวม,4746309,ครัวเรือน,สำนักงานสถิติแห่งชาติ
2566,ทั่วราชอาณาจักร,ในเขตเทศบาล,มีหนี้ในระบบอย่างเดียว,4353000,ครัวเรือน,สำนักงานสถิติแห่งชาติ
2566,ทั่วราชอาณาจักร,ในเขตเทศบาล,มีหนี้นอกระบบอย่างเดียว,272165,ครัวเรือน,สำนักงานสถิติแห่งชาติ
2566,ทั่วราชอาณาจักร,ในเขตเทศบาล,มีหนี้ทั้งในและนอกระบบ,121144,ครัวเรือน,สำนักงานสถิติแห่งชาติ
2566,ทั่วราชอาณาจักร,นอกเขตเทศบาล,รวม,6725863,ครัวเรือน,สำนักงานสถิติแห่งชาติ
2566,ทั่วราชอาณาจักร,นอกเขตเทศบาล,มีหนี้ในระบบอย่างเดียว,6260593,ครัวเรือน,สำนักงานสถิติแห่งชาติ
2566,ทั่วราชอาณาจักร,นอกเขตเทศบาล,มีหนี้นอกระบบอย่างเดียว,276640,ครัวเรือน,สำนักงานสถิติแห่งชาติ
2566,ทั่วราชอาณาจักร,นอกเขตเทศบาล,มีหนี้ทั้งในและนอกระบบ,188630,ครัวเรือน,สำนักงานสถิติแห่งชาติ
2566,กรุงเทพมหานคร นนทบุรี ปทุมธานี และสมุทรปราการ,รวม,รวม,1903273,ครัวเรือน,สำนักงานสถิติแห่งชาติ
2566,กรุงเทพมหานคร นนทบุรี ปทุมธานี และสมุทรปราการ,รวม,มีหนี้ในระบบอย่างเดียว,1724227,ครัวเรือน,สำนักงานสถิติแห่งชาติ
2566,กรุงเทพมหานคร นนทบุรี ปทุมธานี และสมุทรปราการ,รวม,มีหนี้นอกระบบอย่างเดียว,123849,ครัวเรือน,สำนักงานสถิติแห่งชาติ
2566,กรุงเทพมหานคร นนทบุรี ปทุมธานี และสมุทรปราการ,รวม,มีหนี้ทั้งในและนอกระบบ,55197,ครัวเรือน,สำนักงานสถิติแห่งชาติ
2566,กรุงเทพมหานคร นนทบุรี ปทุมธานี และสมุทรปราการ,ในเขตเทศบาล,รวม,1540991,ครัวเรือน,สำนักงานสถิติแห่งชาติ
2566,กรุงเทพมหานคร นนทบุรี ปทุมธานี และสมุทรปราการ,ในเขตเทศบาล,มีหนี้ในระบบอย่างเดียว,1379214,ครัวเรือน,สำนักงานสถิติแห่งชาติ
2566,กรุงเทพมหานคร นนทบุรี ปทุมธานี และสมุทรปราการ,ในเขตเทศบาล,มีหนี้นอกระบบอย่างเดียว,111683,ครัวเรือน,สำนักงานสถิติแห่งชาติ
2566,กรุงเทพมหานคร นนทบุรี ปทุมธานี และสมุทรปราการ,ในเขตเทศบาล,มีหนี้ทั้งในและนอกระบบ,50095,ครัวเรือน,สำนักงานสถิติแห่งชาติ
2566,กรุงเทพมหานคร นนทบุรี ปทุมธานี และสมุทรปราการ,นอกเขตเทศบาล,รวม,362282,ครัวเรือน,สำนักงานสถิติแห่งชาติ
2566,กรุงเทพมหานคร นนทบุรี ปทุมธานี และสมุทรปราการ,นอกเขตเทศบาล,มีหนี้ในระบบอย่างเดียว,345013,ครัวเรือน,สำนักงานสถิติแห่งชาติ
2566,กรุงเทพมหานคร นนทบุรี ปทุมธานี และสมุทรปราการ,นอกเขตเทศบาล,มีหนี้นอกระบบอย่างเดียว,12166,ครัวเรือน,สำนักงานสถิติแห่งชาติ
2566,กรุงเทพมหานคร นนทบุรี ปทุมธานี และสมุทรปราการ,นอกเขตเทศบาล,มีหนี้ทั้งในและนอกระบบ,5103,ครัวเรือน,สำนักงานสถิติแห่งชาติ
2566,ภาคกลาง,รวม,รวม,2558363,ครัวเรือน,สำนักงานสถิติแห่งชาติ
2566,ภาคกลาง,รวม,มีหนี้ในระบบอย่างเดียว,2328274,ครัวเรือน,สำนักงานสถิติแห่งชาติ
2566,ภาคกลาง,รวม,มีหนี้นอกระบบอย่างเดียว,151826,ครัวเรือน,สำนักงานสถิติแห่งชาติ
2566,ภาคกลาง,รวม,มีหนี้ทั้งในและนอกระบบ,78263,ครัวเรือน,สำนักงานสถิติแห่งชาติ
2566,ภาคกลาง,ในเขตเทศบาล,รวม,1075634,ครัวเรือน,สำนักงานสถิติแห่งชาติ
2566,ภาคกลาง,ในเขตเทศบาล,มีหนี้ในระบบอย่างเดียว,986244,ครัวเรือน,สำนักงานสถิติแห่งชาติ
2566,ภาคกลาง,ในเขตเทศบาล,มีหนี้นอกระบบอย่างเดียว,60375,ครัวเรือน,สำนักงานสถิติแห่งชาติ
2566,ภาคกลาง,ในเขตเทศบาล,มีหนี้ทั้งในและนอกระบบ,29015,ครัวเรือน,สำนักงานสถิติแห่งชาติ
2566,ภาคกลาง,นอกเขตเทศบาล,รวม,1482729,ครัวเรือน,สำนักงานสถิติแห่งชาติ
2566,ภาคกลาง,นอกเขตเทศบาล,มีหนี้ในระบบอย่างเดียว,1342030,ครัวเรือน,สำนักงานสถิติแห่งชาติ
2566,ภาคกลาง,นอกเขตเทศบาล,มีหนี้นอกระบบอย่างเดียว,91451,ครัวเรือน,สำนักงานสถิติแห่งชาติ
2566,ภาคกลาง,นอกเขตเทศบาล,มีหนี้ทั้งในและนอกระบบ,49248,ครัวเรือน,สำนักงานสถิติแห่งชาติ
2566,ภาคเหนือ,รวม,รวม,1980375,ครัวเรือน,สำนักงานสถิติแห่งชาติ
2566,ภาคเหนือ,รวม,มีหนี้ในระบบอย่างเดียว,1867905,ครัวเรือน,สำนักงานสถิติแห่งชาติ
2566,ภาคเหนือ,รวม,มีหนี้นอกระบบอย่างเดียว,63662,ครัวเรือน,สำนักงานสถิติแห่งชาติ
2566,ภาคเหนือ,รวม,มีหนี้ทั้งในและนอกระบบ,48808,ครัวเรือน,สำนักงานสถิติแห่งชาติ
2566,ภาคเหนือ,ในเขตเทศบาล,รวม,623164,ครัวเรือน,สำนักงานสถิติแห่งชาติ
2566,ภาคเหนือ,ในเขตเทศบาล,มีหนี้ในระบบอย่างเดียว,589052,ครัวเรือน,สำนักงานสถิติแห่งชาติ
2566,ภาคเหนือ,ในเขตเทศบาล,มีหนี้นอกระบบอย่างเดียว,21507,ครัวเรือน,สำนักงานสถิติแห่งชาติ
2566,ภาคเหนือ,ในเขตเทศบาล,มีหนี้ทั้งในและนอกระบบ,12605,ครัวเรือน,สำนักงานสถิติแห่งชาติ
2566,ภาคเหนือ,นอกเขตเทศบาล,รวม,1357211,ครัวเรือน,สำนักงานสถิติแห่งชาติ
2566,ภาคเหนือ,นอกเขตเทศบาล,มีหนี้ในระบบอย่างเดียว,1278853,ครัวเรือน,สำนักงานสถิติแห่งชาติ
2566,ภาคเหนือ,นอกเขตเทศบาล,มีหนี้นอกระบบอย่างเดียว,42155,ครัวเรือน,สำนักงานสถิติแห่งชาติ
2566,ภาคเหนือ,นอกเขตเทศบาล,มีหนี้ทั้งในและนอกระบบ,36203,ครัวเรือน,สำนักงานสถิติแห่งชาติ
2566,ภาคตะวันออกเฉียงเหนือ,รวม,รวม,3626069,ครัวเรือน,สำนักงานสถิติแห่งชาติ
2566,ภาคตะวันออกเฉียงเหนือ,รวม,มีหนี้ในระบบอย่างเดียว,3479908,ครัวเรือน,สำนักงานสถิติแห่งชาติ
2566,ภาคตะวันออกเฉียงเหนือ,รวม,มีหนี้นอกระบบอย่างเดียว,77443,ครัวเรือน,สำนักงานสถิติแห่งชาติ
2566,ภาคตะวันออกเฉียงเหนือ,รวม,มีหนี้ทั้งในและนอกระบบ,68718,ครัวเรือน,สำนักงานสถิติแห่งชาติ
2566,ภาคตะวันออกเฉียงเหนือ,ในเขตเทศบาล,รวม,1008401,ครัวเรือน,สำนักงานสถิติแห่งชาติ
2566,ภาคตะวันออกเฉียงเหนือ,ในเขตเทศบาล,มีหนี้ในระบบอย่างเดียว,954269,ครัวเรือน,สำนักงานสถิติแห่งชาติ
2566,ภาคตะวันออกเฉียงเหนือ,ในเขตเทศบาล,มีหนี้นอกระบบอย่างเดียว,36232,ครัวเรือน,สำนักงานสถิติแห่งชาติ
2566,ภาคตะวันออกเฉียงเหนือ,ในเขตเทศบาล,มีหนี้ทั้งในและนอกระบบ,17900,ครัวเรือน,สำนักงานสถิติแห่งชาติ
2566,ภาคตะวันออกเฉียงเหนือ,นอกเขตเทศบาล,รวม,2617668,ครัวเรือน,สำนักงานสถิติแห่งชาติ
2566,ภาคตะวันออกเฉียงเหนือ,นอกเขตเทศบาล,มีหนี้ในระบบอย่างเดียว,2525639,ครัวเรือน,สำนักงานสถิติแห่งชาติ
2566,ภาคตะวันออกเฉียงเหนือ,นอกเขตเทศบาล,มีหนี้นอกระบบอย่างเดียว,41210,ครัวเรือน,สำนักงานสถิติแห่งชาติ
2566,ภาคตะวันออกเฉียงเหนือ,นอกเขตเทศบาล,มีหนี้ทั้งในและนอกระบบ,50818,ครัวเรือน,สำนักงานสถิติแห่งชาติ
2566,ภาคใต้,รวม,รวม,1404092,ครัวเรือน,สำนักงานสถิติแห่งชาติ
2566,ภาคใต้,รวม,มีหนี้ในระบบอย่างเดียว,1213280,ครัวเรือน,สำนักงานสถิติแห่งชาติ
2566,ภาคใต้,รวม,มีหนี้นอกระบบอย่างเดียว,132024,ครัวเรือน,สำนักงานสถิติแห่งชาติ
2566,ภาคใต้,รวม,มีหนี้ทั้งในและนอกระบบ,58787,ครัวเรือน,สำนักงานสถิติแห่งชาติ
2566,ภาคใต้,ในเขตเทศบาล,รวม,498119,ครัวเรือน,สำนักงานสถิติแห่งชาติ
2566,ภาคใต้,ในเขตเทศบาล,มีหนี้ในระบบอย่างเดียว,444222,ครัวเรือน,สำนักงานสถิติแห่งชาติ
2566,ภาคใต้,ในเขตเทศบาล,มีหนี้นอกระบบอย่างเดียว,42368,ครัวเรือน,สำนักงานสถิติแห่งชาติ
2566,ภาคใต้,ในเขตเทศบาล,มีหนี้ทั้งในและนอกระบบ,11529,ครัวเรือน,สำนักงานสถิติแห่งชาติ
2566,ภาคใต้,นอกเขตเทศบาล,รวม,905973,ครัวเรือน,สำนักงานสถิติแห่งชาติ
2566,ภาคใต้,นอกเขตเทศบาล,มีหนี้ในระบบอย่างเดียว,769059,ครัวเรือน,สำนักงานสถิติแห่งชาติ
2566,ภาคใต้,นอกเขตเทศบาล,มีหนี้นอกระบบอย่างเดียว,89656,ครัวเรือน,สำนักงานสถิติแห่งชาติ
2566,ภาคใต้,นอกเขตเทศบาล,มีหนี้ทั้งในและนอกระบบ,47258,ครัวเรือน,สำนักงานสถิติแห่งชาติ
